Internal Reference,Name,Sales Description,Product Type,Can be soLd,Can be purchase,Sales Price,Product Category,Category Code,Customer Tax,Company,Primary Vendors/Vendor,Secondary Vendor,Unit of measure,Invoicing poLicy,Purchase UOM,Attributes & Variants,AvaiLabLe in POS,Vendors/Vendor Product Code,Currency,Primery Vendors/Price,Secondary Vendor Price,Vendors/Quantity,Operations (Buy/Manufacture),Tracking (Unique seriaL number/Lot/no tracking)
24001,Soft Drink Coca Cola 24 X 300 Ml Cans- Coke,,,,TRUE,,Water and Soft Drinks,1001,5%,,Coca-Cola Al Ahlia Beverage Company L.L.C,,PCS,,CS/24CANS,,,,AED,49,,,,
24002,Soft Drink Coke Diet  24 X 300 Ml Cans,,,,TRUE,,Water and Soft Drinks,1001,5%,,Coca-Cola Al Ahlia Beverage Company L.L.C,,PCS,,CS/24CANS,,,,AED,49,,,,
24003,Soft Drink Sprite 24 X 300 Ml Cans- Coke,,,,TRUE,,Water and Soft Drinks,1001,5%,,Coca-Cola Al Ahlia Beverage Company L.L.C,,PCS,,CS/24CANS,,,,AED,49,,,,
24004,Bread Brioche Loaf 8x450gm,,,,TRUE,,Bakery & Pastry,1002,5%,,Lulu Hypermarket,,KG,,PKT/450GM,,,,AED,7.5,,,,
24005,Sauce Hot Frank'S  Usa-Original,,,,TRUE,,Dry Goods,1003,5%,,M.H. Enterprises,,KG,,CAN/1GAl,,,,AED,72,,,,
24006,Beef T bone Steak 16 oz CAB USA,,,,TRUE,,Meat,1004,5%,,Gourmex General Trading LLC,,KG,,KG,,,,AED,125,,,,
24007,Beef Brisket CAB Greater Omaha Chilled,,,,TRUE,,Meat,1004,5%,,Faisal Al Nusif Trading Co,,KG,,KG,,,,AED,46,,,,
24008,Spice Black Pepper Crushed,,,,TRUE,,Dry Goods,1003,5%,,M.H. Enterprises,,KG,,KG,,,,AED,33,,,,
24009,Spice chilli Flakes/Crushed 1KG,,,,TRUE,,Dry Goods,1003,5%,,M.H. Enterprises,,KG,,KG,,,,AED,19,,,,
24010,Honey Capilano,,,,TRUE,,Dry Goods,1003,5%,,M.H. Enterprises,,KG,,TIN/3KG,,,,AED,31.25,,,,
24011,Lentil Masoor,,,,TRUE,,Dry Goods,1003,5%,,M.H. Enterprises,,KG,,KG,,,,AED,8,,,,
24012,Oil Olive BLended - 4 X 4 Ltr Can Extra Virgin,,,,TRUE,,Dry Goods,1003,5%,,M.H. Enterprises,,L,,CAN/4L,,,,AED,53.75,,,,
24013,Pineapple Slice in Water,,,,TRUE,,Dry Goods,1003,5%,,M.H. Enterprises,,KG,,CAN/560GM,,,,AED,7.5,,,,
24014,Red Kidney Beans -400 Grms Tin,,,,TRUE,,Dry Goods,1003,5%,,M.H. Enterprises,,KG,,TIN/400GM,,,,AED,2,,,,
24015,Spice Bay leaves Dry,,,,TRUE,,Dry Goods,1003,5%,,M.H. Enterprises,,KG,,KG,,,,AED,12,,,,
24016,Rice Basmati 1121 Steam,,,,TRUE,,Dry Goods,1003,5%,,M.H. Enterprises,,KG,,KG,,,,AED,6.27,,,,
24017,Butter Block Unsalted-Non Dairy 1X25KG,,,,TRUE,,Dairy,1005,5%,,Modern General Trading,,KG,,CS/25KG,,,,AED,300,,,,
24018,Sauce Mayonnaise HD Gallon,,,,TRUE,,Dry Goods,1003,5%,,Modern General Trading,,KG,,TUB/3.8KG,,,,AED,38,,,,
24019,Black Beans Casa Fiesta  6 X 3 KG Tin,,,,TRUE,,Dry Goods,1003,5%,,M.H. Enterprises,,KG,,TIN/3KG,,,,AED,20.83,,,,
24020,Tomato Ketchup Heinz Top Down,,,,TRUE,,Dry Goods,1003,5%,,M.H. Enterprises,,PCS,,CS/10X20OZ,,,,AED,135,,,,
24021,Spice Caraway Seed,,,,TRUE,,Dry Goods,1003,5%,,M.H. Enterprises,,KG,,KG,,,,AED,24,,,,
24022,Cream of Tartar,,,,TRUE,,Dry Goods,1003,5%,,M.H. Enterprises,,KG,,KG,,,,AED,140,,,,
24023,Bread Pita Arabic Small,,,,TRUE,,Bakery & Pastry,1002,5%,,Lulu Hypermarket,,PCS,,PKT/5PCS,,,,AED,1.98,,,,
24024,Chick Peas Dry Whole - 14 Mm,,,,TRUE,,Dry Goods,1003,5%,,M.H. Enterprises,,KG,,KG,,,,AED,9,,,,
24025,Milk Condensed Nestle 48X370Ml,,,,TRUE,,Dairy,1005,5%,,M.H. Enterprises,,KG,,BTL/370G,,,,AED,8,,,,
24026,MiLk Evaporated - Rainbow 410 X 48  Tin,,,,TRUE,,Dry Goods,1003,5%,,M.H. Enterprises,,L,,TIN/410ML,,,,AED,5.31,,,,
24027,Biscuits Lotus Caramalized 250Gm,,,,TRUE,,Bakery & Pastry,1002,5%,,M.H. Enterprises,,KG,,CS/10x250G,,,,AED,100,,,,
24028,Beef Cow Boy Steak 18 oz CAB USA,,,,TRUE,,Meat,1004,5%,,Jaber Measam Foodstuff LLC,,KG,,KG,,,,AED,75,,,,
24029,Chocolate Calets Dark-KG-53 %,,,,TRUE,,Bakery & Pastry,1002,5%,,Modern General Trading,,KG,,KG,,,,AED,45,,,,
24030,Chocolate Calets Milk823 -10KG Bag 33.6%,,,,TRUE,,Bakery & Pastry,1002,5%,,Modern General Trading,,KG,,KG,,,,AED,36,,,,
24031,Glucose Liquid,,,,TRUE,,Bakery & Pastry,1002,5%,,Modern General Trading,,KG,,BAG/25KG,,,,AED,130,,,,
24032,Pan Coating Spray,,,,TRUE,,Dry Goods,1003,5%,,Modern General Trading,,L,,BTL/600ML,,,,AED,18,,,,
24033,Sugar Caster -  24 KG,,,,TRUE,,Dry Goods,1003,5%,,Modern General Trading,,KG,,CS/24x1KG,,,,AED,162,,,,
24034,Sugar Granulated 2 KG,,,,TRUE,,Dry Goods,1003,5%,,Modern General Trading,,KG,,KG,,,,AED,3.5,,,,
24035,Sugar Icing - 10 KG Bag,,,,TRUE,,Dry Goods,1003,5%,,Modern General Trading,,KG,,KG,,,,AED,5,,,,
24036,Sugar Soft Dark Brown 24 X 1 KG,,,,TRUE,,Dry Goods,1003,5%,,Modern General Trading,,KG,,KG,,,,AED,11.25,,,,
24037,Butter Unsalted Bulk 25KG-Keto,,,,TRUE,,Dairy,1005,5%,,Modern General Trading,,KG,,CS/25KG,,,,AED,600,,,,
24038,Cocoa Powder Pure Cp Extra Brut - 10 KG,,,,TRUE,,Bakery & Pastry,1002,5%,,Baklawa Made Better Sugar Candies Trading L.L.C. – Sole Prop,,KG,,KG,,,,AED,27,,,,
24039,Chocolate Dark Sugar free,,,,TRUE,,Bakery & Pastry,1002,5%,,Baklawa Made Better Sugar Candies Trading L.L.C. – Sole Prop,,KG,,KG,,,,AED,40,,,,
24040,Brown Sugar Light Tale And Lyle 10X500Gm,,,,TRUE,,Dry Goods,1003,5%,,M.H. Enterprises,,KG,,PKT/500GM,,,,AED,7,,,,
24041,Chicken Stock Powder Knorr - 6 X 1.1 KG,,,,TRUE,,Dry Goods,1003,5%,,M.H. Enterprises,,KG,,KG,,,,AED,38.2,,,,
24042,Spice Coriander Seed,,,,TRUE,,Dry Goods,1003,5%,,M.H. Enterprises,,KG,,KG,,,,AED,11,,,,
24043,Spice Cumin Seed,,,,TRUE,,Dry Goods,1003,5%,,M.H. Enterprises,,KG,,KG,,,,AED,30,,,,
24044,Oats White 24X500 Gms,,,,TRUE,,Dry Goods,1003,5%,,M.H. Enterprises,,KG,,PKT/500GM,,,,AED,6.25,,,,
24045,Sauce Horseradish CoLman's 2L,,,,TRUE,,Dry Goods,1003,5%,,M.H. Enterprises,,L,,BTL/2L,,,,AED,90,,,,
24046,Sauce Sriracha 798G/28Oz,,,,TRUE,,Dry Goods,1003,5%,,M.H. Enterprises,,L,,BTL/798ML,,,,AED,11.91,,,,
24047,Flax Seed/Lin Seed 500 Gm Pkt,,,,TRUE,,Dry Goods,1003,5%,,M.H. Enterprises,,KG,,KG,,,,AED,14,,,,
24048,Fruit Strawberry Frozen 2.5KG,,,,TRUE,,"Frozen Vegetable ,Fruits And Puree",1006,5%,,M.H. Enterprises,,KG,,KG,,,,AED,35,,,,
24049,Salt Nezo,,,,TRUE,,Dry Goods,1003,5%,,Ocean Fair International Llc,,KG,,KG,,,,AED,3,,,,
24050,Flour T 55 - 25 KG/Bag,,,,TRUE,,Dry Goods,1003,5%,,Khorakiwala And Al Basti Llc,,KG,,BAG/25KG,,,,AED,100,,,,
24051,Dates Fresh Seedless,,,,TRUE,,Dry Goods,1003,5%,,Al Raiqa Dates Fruits Trading Co.Llc,,KG,,KG,,,,AED,35,,,,
24052,Cheese Mascarpone 500 Gm - Latbrie,,,,TRUE,,Dairy,1005,5%,,Hubit General Trading LLC,,KG,,PKT/500GM,,,,AED,15,,,,
24053,Cannoli Big 13cm/100pc 3kg,,,,TRUE,,Bakery & Pastry,1002,5%,,Hubit General Trading LLC,,PCS,,CS/100PCS,,,,AED,142,,,,
24054,Beef Ground 80/20 Cab,,,,TRUE,,Meat,1004,5%,,Ever Green Food Stuff Tr. LLC,,KG,,KG,,,,AED,33,,,,
24055,Cheese Parmesan Block 4-5KG,,,,TRUE,,Dairy,1005,5%,,Ocean Fair International Llc,,KG,,KG,,,,AED,52,,,,
24056,Cream Uht - Whipping,,,,TRUE,,Dairy,1005,5%,,Ocean Fair International Llc,,L,,CS/12X1L,,,,AED,186,,,,
24057,Oil CLear Liq Frying Shortening,,,,TRUE,,Dry Goods,1003,5%,,S T I Middle East LLC,,L,,CAN/15.8L,,,,AED,145,,,,
24058,Oil SunfLower 5 Ltr,,,,TRUE,,Dry Goods,1003,5%,,S T I Middle East LLC,,L,,BTL/5L,,,,AED,30,,,,
24059,Pasta Fettuccini (12X500GM),,,,TRUE,,Dry Goods,1003,5%,,Emirates Snack Foods Llc,,KG,,PKT/500GM,,,,AED,17.08,,,,
24060,Pasta Penne Regate,,,,TRUE,,Dry Goods,1003,5%,,Emirates Snack Foods Llc,,KG,,KG,,,,AED,12.5,,,,
24061,Spaghetti No 7 (24X500GM),,,,TRUE,,Dry Goods,1003,5%,,Emirates Snack Foods Llc,,KG,,KG,,,,AED,12.5,,,,
24062,Dairy MiLk FuLL Cream Fresh,,,,TRUE,,Dairy,1005,5%,,National Dairy LLC,,L,,BTL/2L,,,,AED,7.75,,,,
24063,Beef Rib Ribeye Lip On Choice Cab 112A Chilled,,,,TRUE,,Meat,1004,5%,,Quality Fine Foodstuff Trading  L.L.C,,KG,,KG,,,,AED,127,,,,
24064,"Bread Brioche Bun 4.5"" 80G",,,,TRUE,,Bakery & Pastry,1002,5%,,Modern General Trading,,PCS,,PCS,,,,AED,1.33,,,,
24065,Juice Lemon Fresh,,,,TRUE,,Juices and Syrups,1007,5%,,Vitalize General Trading LLC,,L,,L,,,,AED,19.75,,,,
24066,Juice Orange Fresh,,,,TRUE,,Juices and Syrups,1007,5%,,Vitalize General Trading LLC,,L,,L,,,,AED,13.25,,,,
24067,Spice Chicken Masala,,,,TRUE,,Dry Goods,1003,5%,,M.H. Enterprises,,KG,,PKT/100GM,,,,AED,4.75,,,,
24068,Coffee Beans Espresso,,,,TRUE,,"Coffee,Tea",1008,5%,,Auro Premium Coffees LLC,,KG,,KG,,,,AED,95,,,,
24069,Syrup CarameL,,,,TRUE,,Juices and Syrups,1007,5%,,Emirates Snack Foods Llc,,L,,L,,,,AED,51.4,,,,
24070,Cheese Mozzarella Block,,,,TRUE,,Dairy,1005,5%,,Quality Fine Foodstuff Trading  L.L.C,,KG,,KG,,,,AED,22,,,,
24071,Juice  Assorted Lacnor 1L,,,,TRUE,,Juices and Syrups,1007,5%,,M.H. Enterprises,,L,,L,,,,AED,8.5,,,,
24072,Olive Black Whole Seedless,,,,TRUE,,Dry Goods,1003,5%,,M.H. Enterprises,,KG,,TIN/5KG,,,,AED,85,,,,
24073,Quinoa White,,,,TRUE,,Dry Goods,1003,5%,,M.H. Enterprises,,KG,,KG,,,,AED,30,,,,
24074,Tofu Tau Kwa (Extra Firm) 200Gm,,,,TRUE,,Dry Goods,1003,5%,,M.H. Enterprises,,KG,,PKT/200GM,,,,AED,6,,,,
24075,Olives Green Pitted 6x3KG,,,,TRUE,,Dry Goods,1003,5%,,Safco International Gen.Trd Llc,,KG,,TIN/3KG,,,,AED,30,,,,
24076,Juice Guava Long Life,,,,TRUE,,Juices and Syrups,1007,5%,,M.H. Enterprises,,L,,L,,,,AED,11.75,,,,
24077,Juice Lychee Long Life,,,,TRUE,,Juices and Syrups,1007,5%,,M.H. Enterprises,,L,,L,,,,AED,13.95,,,,
24078,Bread  Crumbs Panko,,,,TRUE,,Dry Goods,1003,5%,,M.H. Enterprises,,KG,,KG,,,,AED,18.33,,,,
24079,Olive Green Whole - 5 KG Tin,,,,TRUE,,Dry Goods,1003,5%,,M.H. Enterprises,,KG,,TIN/5KG,,,,AED,49,,,,
24080,Spice Paprika Powder Sweet,,,,TRUE,,Dry Goods,1003,5%,,M.H. Enterprises,,KG,,KG,,,,AED,22,,,,
24081,Sesame Seed White,,,,TRUE,,Dry Goods,1003,5%,,M.H. Enterprises,,KG,,KG,,,,AED,16,,,,
24082,Sauce Yellow Curry Thai 400Gm,,,,TRUE,,Dry Goods,1003,5%,,M.H. Enterprises,,KG,,BTL/400GM,,,,AED,8.75,,,,
24083,Ice Cream VaniLLa,,,,TRUE,,Dairy,1005,5%,,Safco International Gen.Trd Llc,,L,,TUB/4.75L,,,,AED,98,,,,
24084,Beef Tenderloin Grain Fed SA,,,,TRUE,,Meat,1004,5%,,Admirals Trading LLC,,KG,,KG,,,,AED,75,,,,
24085,Beef Short Rib South Africa,,,,TRUE,,Meat,1004,5%,,Admirals Trading LLC,,KG,,KG,,,,AED,30,,,,
24086,Fish Shrimp 26/30Pd Frozen T/Off KG,,,,TRUE,,Seafood,1009,5%,,The Deep Sea Food Co. Llc,,KG,,KG,,,,AED,23,,,,
24087,Ghee - 12 X 1 KG Amul,,,,TRUE,,Dairy,1005,5%,,M.H. Enterprises,,KG,,KG,,,,AED,35,,,,
24088,Spice Cajun Seasoning Powder,,,,TRUE,,Dry Goods,1003,5%,,M.H. Enterprises,,KG,,KG,,,,AED,42,,,,
24089,Sauce Tobasco Hot 60 ML,,,,TRUE,,Dry Goods,1003,5%,,M.H. Enterprises,,L,,BTL/60ML,,,,AED,6.53,,,,
24090,Tomato Paste  - 6 X 2.2 KG Tin,,,,TRUE,,Dry Goods,1003,5%,,M.H. Enterprises,,KG,,TIN/2.2KG,,,,AED,17.5,,,,
24091,Tomato Peeled - 6 X 2.55 KG Tin,,,,TRUE,,Dry Goods,1003,5%,,M.H. Enterprises,,KG,,TIN/2.5KG,,,,AED,16.33,,,,
24092,Oil TruffLe BLack,,,,TRUE,,Dry Goods,1003,5%,,M.H. Enterprises,,L,,BTL/250ML,,,,AED,350,,,,
24093,Bread Soft Sliced White 1200G,,,,TRUE,,Bakery & Pastry,1002,5%,,Bake N More Factory LLC,,PKT,,PKT,,,,AED,12,,,,
24094,Bread Potato Baguette 100G,,,,TRUE,,Bakery & Pastry,1002,5%,,Bake N More Factory LLC,,PCS,,PCS,,,,AED,2.6,,,,
24095,Lamb Sausage 300Gm,,,,TRUE,,Meat,1004,5%,,Indoguna,,KG,,KG,,,,AED,67,,,,
24096,Cheese Cheddar Orange Slice 2.27KG,,,,TRUE,,Dairy,1005,5%,,Modern General Trading,,KG,,KG,,,,AED,27.69,,,,
24097,Puree Mango-Boiron,,,,TRUE,,"Frozen Vegetable ,Fruits And Puree",1006,5%,,Modern General Trading,,KG,,KG,,,,AED,34,,,,
24098,Flour Corn meal PAN,,,,TRUE,,Dry Goods,1003,5%,,M.H. Enterprises,,KG,,KG,,,,AED,20,,,,
24099,Feulletine crunch 2.5 KG,,,,TRUE,,Bakery & Pastry,1002,5%,,Classic Fine Foods,,KG,,PKT/2.5KG,,,,AED,112,,,,
24100,Tea Loose-24 X 400 Gms,,,,TRUE,,"Coffee,Tea",1008,5%,,M.H. Enterprises,,KG,,PKT/400GM,,,,AED,19.88,,,,
24101,Beef Short Rib 123A,,,,TRUE,,Meat,1004,5%,,Faisal Al Nusif Trading Co,,KG,,KG,,,,AED,70,,,,
24102,Spice Coriander Powder Gold,,,,TRUE,,Dry Goods,1003,5%,,M.H. Enterprises,,KG,,KG,,,,AED,20,,,,
24103,Tuna Chunk in Oil,,,,TRUE,,Poultry,1010,5%,,M.H. Enterprises,,KG,,PKT/180GM,,,,AED,4.38,,,,
24104,Jam Strawberry - 450 Gms BTL,,,,TRUE,,Dry Goods,1003,5%,,M.H. Enterprises,,KG,,BTL/450GM,,,,AED,3.17,,,,
24105,Mustard Pommery 500 Grm,,,,TRUE,,Dry Goods,1003,5%,,M.H. Enterprises,,KG,,BTL/500GM,,,,AED,30,,,,
24106,Pinto Beans Casa Fiesta 3KG,,,,TRUE,,Dry Goods,1003,5%,,M.H. Enterprises,,KG,,TIN/3KG,,,,AED,26.67,,,,
24107,Sweet Corn Kernal  425 Tin,,,,TRUE,,Dry Goods,1003,5%,,M.H. Enterprises,,KG,,TIN/425GM,,,,AED,2.71,,,,
24108,Beef Bacon 1KG,,,,TRUE,,Meat,1004,5%,,Indoguna,,KG,,KG,,,,AED,34,,,,
24109,Sausage Chicken Breakfast KG,,,,TRUE,,Poultry,1010,5%,,Indoguna,,KG,,KG,,,,AED,39,,,,
24110,Turkey Ham Round - 3.5 KG Pce Chilled,,,,TRUE,,Poultry,1010,5%,,Jaber Measam Foodstuff LLC,,KG,,KG,,,,AED,35,,,,
24111,Pasta Filiz Elbow 24x400gm,,,,TRUE,,Dry Goods,1003,5%,,Emirates Snack Foods Llc,,KG,,CS/24X400G,,,,AED,68,,,,
24112,French Fries Stealth Skin On 6X6 Mm-9121,,,,TRUE,,"Frozen Vegetable ,Fruits And Puree",1006,5%,,Zahart Masafi,,KG,,CS/4X2.5KG,,,,AED,117,,,,
24113,Chicken Breast Tender 7 Oz Calibrated-FRZ,,,,TRUE,,Poultry,1010,5%,,Quality Fine Foodstuff Trading  L.L.C,,KG,,KG,,,,AED,17.5,,,,
24114,"Chicken Halves, Premarinated W/ 1.2 KG",,,,TRUE,,Poultry,1010,5%,,Quality Fine Foodstuff Trading  L.L.C,,KG,,KG,,,,AED,17.5,,,,
24115,Beef Pepperoni Frozen,,,,TRUE,,Meat,1004,5%,,Hubit General Trading LLC,,KG,,KG,,,,AED,90,,,,
24116,Pasta Tagliatelle Yellow (12X500G),,,,TRUE,,Dry Goods,1003,5%,,Emirates Snack Foods Llc,,KG,,PKT/450GM,,,,AED,17.5,,,,
24117,Cheese Feta - Ttc - 24 X 500 Gms - Pkt,,,,TRUE,,Dairy,1005,5%,,M.H. Enterprises,,KG,,PKT/500GM,,,,AED,8.33,,,,
24118,Wonton Skin 500Gm,,,,TRUE,,Dry Goods,1003,5%,,Safco International Gen.Trd Llc,,KG,,PKT/500GM,,,,AED,12,,,,
24119,Crab Meat Pasturized Chilled-Claw Meat,,,,TRUE,,Meat,1004,5%,,Indoguna,,KG,,TUB/454GM,,,,AED,49,,,,
24120,Lamb Shank - Chilled,,,,TRUE,,Meat,1004,5%,,Quality Fine Foodstuff Trading  L.L.C,,KG,,KG,,,,AED,40,,,,
24121,Kosher Salt Maldon Sea Salt,,,,TRUE,,Dry Goods,1003,5%,,Safco International Gen.Trd Llc,,KG,,TUB/1.5KG,,,,AED,75,,,,
24122,Peeled Tomato San Marzano,,,,TRUE,,Dry Goods,1003,5%,,Primest Support General Trading LLC,,KG,,TIN/2.5KG,,,,AED,15,,,,
24123,Chicken Whole 1200 gm Frozen,,,,TRUE,,Poultry,1010,5%,,Quality Fine Foodstuff Trading  L.L.C,,KG,,KG,,,,AED,15.5,,,,
24124,Egg White Frozen,,,,TRUE,,Poultry,1010,5%,,Khorakiwala And Al Basti Llc,,KG,,KG,,,,AED,17.5,,,,
24125,Nutella Spread,,,,TRUE,,Dry Goods,1003,5%,,Jaleel Foodservice Llc,,KG,,CS/13KG,,,,AED,285,,,,
24126,Lamb Curry Cut 50gm W/Bone Indian,,,,TRUE,,Meat,1004,5%,,MNM Foodstuff Trading LLC,,KG,,KG,,,,AED,40,,,,
24127,Fish Salmon Fillet Frozen S/On KG-Scale off,,,,TRUE,,Seafood,1009,5%,,Fresh on Table LLC-DWC,,KG,,KG,,,,AED,65,,,,
24128,Juice WatermeLon Fresh,,,,TRUE,,Juices and Syrups,1007,5%,,Vitalize General Trading LLC,,L,,L,,,,AED,14.5,,,,
24129,Cheese Mozzarella Shredded-6X2 KG,,,,TRUE,,Dairy,1005,5%,,Zahart Masafi,,KG,,KG,,,,AED,27.5,,,,
24130,Chocolate M&M  24 X 45 Gm,,,,TRUE,,Bakery & Pastry,1002,5%,,M.H. Enterprises,,KG,,PKT/180GM,,,,AED,11.5,,,,
24131,Olive Black Sliced - 6 X A11,,,,TRUE,,Dry Goods,1003,5%,,M.H. Enterprises,,KG,,TIN/2.8KG,,,,AED,29.17,,,,
24132,Walnut Peeled,,,,TRUE,,Dry Goods,1003,5%,,Trustlink Trading LLC,,KG,,KG,,,,AED,28,,,,
24133,MiLk ALmond Barista Series,,,,TRUE,,Dry Goods,1003,5%,,M.H. Enterprises,,L,,L,,,,AED,6.666,,,,
24134,Pepper Jalapeno  Sliced 2.6KG,,,,TRUE,,Dry Goods,1003,5%,,M.H. Enterprises,,KG,,TIN/2.6KG,,,,AED,15.83,,,,
24135,Tahina,,,,TRUE,,Dry Goods,1003,5%,,M.H. Enterprises,,KG,,BTL/500GM,,,,AED,11.25,,,,
24136,Spice Zatar,,,,TRUE,,Dry Goods,1003,5%,,M.H. Enterprises,,KG,,KG,,,,AED,12,,,,
24137,Labneh,,,,TRUE,,Dairy,1005,5%,,Modern General Trading,,KG,,TUB/2.5KG,,,,AED,39,,,,
24138,Syrup Passionfruit,,,,TRUE,,Juices and Syrups,1007,5%,,Emirates Snack Foods Llc,,L,,L,,,,AED,59.2,,,,
24139,Pasta Fusilli,,,,TRUE,,Dry Goods,1003,5%,,Emirates Snack Foods Llc,,KG,,PKT/500GM,,,,AED,8,,,,
24140,Spice Cloves Whole,,,,TRUE,,Dry Goods,1003,5%,,M.H. Enterprises,,KG,,KG,,,,AED,48,,,,
24141,Sunflower Seeds Skinless/Kernel,,,,TRUE,,Dry Goods,1003,5%,,M.H. Enterprises,,KG,,KG,,,,AED,18,,,,
24142,Cheese Cream 70%,,,,TRUE,,Dairy,1005,5%,,Modern General Trading,,KG,,KG,,,,AED,18,,,,
24143,Spice Cayenne Pepper Powder 1X1,,,,TRUE,,Dry Goods,1003,5%,,Safco International Gen.Trd Llc,,KG,,KG,,,,AED,35,,,,
24144,Peanut Roasted- 1 KG,,,,TRUE,,Dry Goods,1003,5%,,Trustlink Trading LLC,,KG,,KG,,,,AED,13,,,,
24145,Butter Sheet Croissant 82%,,,,TRUE,,Dairy,1005,5%,,Safco International Gen.Trd Llc,,KG,,KG,,,,AED,42,,,,
24146,Rice Sella Basmati 1121,,,,TRUE,,Dry Goods,1003,5%,,M.H. Enterprises,,KG,,KG,,,,AED,6.28,,,,
24147,Blueberries Frozen KG,,,,TRUE,,"Frozen Vegetable ,Fruits And Puree",1006,5%,,M.H. Enterprises,,KG,,KG,,,,AED,40,,,,
24148,Flour Corn 400Grm Pkt,,,,TRUE,,Dry Goods,1003,5%,,M.H. Enterprises,,KG,,PKT/400GM,,,,AED,2,,,,
24149,Tomato Ketchup Sachets Heinz 1000X10G,,,,TRUE,,Dry Goods,1003,5%,,M.H. Enterprises,,KG,,CS/10KG,,,,AED,102.9,,,,
24150,Dairy Yoghurt - KG Tub,,,,TRUE,,Dairy,1005,5%,,National Dairy LLC,,KG,,KG,,,,AED,4.75,,,,
24151,Cream Sour,,,,TRUE,,Dairy,1005,5%,,Safco International Gen.Trd Llc,,L,,L,,,,AED,17.5,,,,
24152,Oil Sesame - 12 X 750 ML - Lkk,,,,TRUE,,Dry Goods,1003,5%,,Safco International Gen.Trd Llc,,L,,BTL/500ML,,,,AED,12,,,,
24154,Fish Cream Dory Frozen,,,,TRUE,,Seafood,1009,5%,,The Deep Sea Food Co. Llc,,KG,,KG,,,,AED,9,,,,
24155,Fish Mussel Half Shell Frozen KG,,,,TRUE,,Seafood,1009,5%,,The Deep Sea Food Co. Llc,,KG,,KG,,,,AED,37,,,,
24156,Fish Shrimp U15 Frozen H/On,,,,TRUE,,Seafood,1009,5%,,The Deep Sea Food Co. Llc,,KG,,KG,,,,AED,46,,,,
24157,Beef Breakfast Slices Frozen,,,,TRUE,,Meat,1004,5%,,Indoguna,,KG,,KG,,,,AED,56,,,,
24158,Bread Panini Plain - 140Gm,,,,TRUE,,Bakery & Pastry,1002,5%,,Bake N More Factory LLC,,PCS,,PCS,,,,AED,1.95,,,,
24159,Bread Sour Dough White Loaf 600g,,,,TRUE,,Bakery & Pastry,1002,5%,,Bake N More Factory LLC,,PCS,,PCS,,,,AED,8,,,,
24160,Tomato Sun Dried,,,,TRUE,,Dry Goods,1003,5%,,Safco International Gen.Trd Llc,,KG,,BTL/2.9KG,,,,AED,61,,,,
24161,Chicken Wings Tender 2 Cuts,,,,TRUE,,Poultry,1010,5%,,Quality Fine Foodstuff Trading  L.L.C,,KG,,KG,,,,AED,15.5,,,,
24162,Beef Tenderloin 189A 5Lbs Up Chill Cab,,,,TRUE,,Meat,1004,5%,,Gourmex General Trading LLC,,KG,,KG,,,,AED,145,,,,
24163,Beef Wagyu Tenderloin SS/Off 4-5MBS-Chilled,,,,TRUE,,Meat,1004,5%,,Safco International Gen.Trd Llc,,KG,,KG,,,,AED,290,,,,
24164,Yeast Dry  - 20 X  500 Gm,,,,TRUE,,Dry Goods,1003,5%,,Khorakiwala And Al Basti Llc,,KG,,PKT/500GM,,,,AED,10.5,,,,
24165,Ready Mix Salted Butter Caramel Gelato,,,,TRUE,,Bakery & Pastry,1002,5%,,La Marquise International Co. LLC,,KG,,PKT/1.2KG,,,,AED,119,,,,
24166,Corn On The Cob - 12 X 4 Ear - 13 KG,,,,TRUE,,"Frozen Vegetable ,Fruits And Puree",1006,5%,,Quality Fine Foodstuff Trading  L.L.C,,KG,,CS/13KG,,,,AED,78,,,,
24167,Peas Green Frozen - 2.5 KG- Nowako,,,,TRUE,,"Frozen Vegetable ,Fruits And Puree",1006,5%,,Safco International Gen.Trd Llc,,KG,,PKT/2.5KG,,,,AED,16.25,,,,
24168,Mustard Dijon - 5 KG Bucket,,,,TRUE,,Dry Goods,1003,5%,,Safco International Gen.Trd Llc,,KG,,BKT/5KG,,,,AED,75,,,,
24169,Rice Stick 3mm Pad Thai,,,,TRUE,,Dry Goods,1003,5%,,Safco International Gen.Trd Llc,,KG,,PKT/454GM,,,,AED,5,,,,
24171,Fresh Mozzarella Block,,,,TRUE,,Dairy,1005,5%,,Hubit General Trading LLC,,KG,,KG,,,,AED,34,,,,
24172,Spice chilli Kashmiri Whole Dried-Rajdhani,,,,TRUE,,Dry Goods,1003,5%,,Datar And Sons,,KG,,KG,,,,AED,34,,,,
24173,Kewda Water,,,,TRUE,,Dry Goods,1003,5%,,Datar And Sons,,L,,BTL/250ML,,,,AED,2.38,,,,
24174,Rose Water,,,,TRUE,,Dry Goods,1003,5%,,Datar And Sons,,L,,BTL/200ML,,,,AED,1.86,,,,
24175,Chocolate Calets White-Cal W2-10KG-28%,,,,TRUE,,Bakery & Pastry,1002,5%,,Modern General Trading,,KG,,KG,,,,AED,40,,,,
24176,Sauce Garlic Chilli 226 Gm Lee Kumkee,,,,TRUE,,Dry Goods,1003,5%,,Safco International Gen.Trd Llc,,KG,,BTL/226GM,,,,AED,9,,,,
24177,Sauce Soya Sweet Abc 620 ML,,,,TRUE,,Dry Goods,1003,5%,,Safco International Gen.Trd Llc,,L,,BTL/620ML,,,,AED,9,,,,
24178,ChocoLate Syrup 24X24Oz-Hershey'S,,,,TRUE,,Bakery & Pastry,1002,5%,,Emirates Snack Foods Llc,,L,,BTL/22OZ,,,,AED,12.33,,,,
24179,Fish Seabass Fillet FRZ 150/250g,,,,TRUE,,Seafood,1009,5%,,The Deep Sea Food Co. Llc,,KG,,KG,,,,AED,55,,,,
24180,Fruit Filling-Apricot Bucket,,,,TRUE,,Bakery & Pastry,1002,5%,,Modern General Trading,,KG,,BKT/12.5KG,,,,AED,160,,,,
24181,Lemon Juice Concentrate,,,,TRUE,,Dry Goods,1003,5%,,Safco International Gen.Trd Llc,,L,,L,,,,AED,7.5,,,,
24182,Pecan Nuts-USA,,,,TRUE,,Dry Goods,1003,5%,,M.H. Enterprises,,KG,,KG,,,,AED,75,,,,
24183,Sauce Worcestershire 283 Gm L&P,,,,TRUE,,Dry Goods,1003,5%,,M.H. Enterprises,,KG,,BTL/283GM,,,,AED,9.17,,,,
24184,Mango Chutney,,,,TRUE,,Dry Goods,1003,5%,,M.H. Enterprises,,KG,,BTL/300GM,,,,AED,4.58,,,,
24185,Herb Thyme Dry 1X1 KG,,,,TRUE,,Dry Goods,1003,5%,,Safco International Gen.Trd Llc,,KG,,KG,,,,AED,30,,,,
24186,Cream Whipped Spray GoLden Life,,,,TRUE,,Dairy,1005,5%,,M.H. Enterprises,,L,,BTL/250ML,,,,AED,13.75,,,,
24187,Barley Pearl,,,,TRUE,,Dry Goods,1003,5%,,Safco International Gen.Trd Llc,,KG,,KG,,,,AED,20,,,,
24188,Puree Blueberry,,,,TRUE,,"Frozen Vegetable ,Fruits And Puree",1006,5%,,Modern General Trading,,KG,,KG,,,,AED,42,,,,
24189,Cream Whipping 12X1L Non Dairy,,,,TRUE,,Dairy,1005,5%,,Modern General Trading,,L,,CS/12X1L,,,,AED,180,,,,
24190,Puree Passion Fruit,,,,TRUE,,"Frozen Vegetable ,Fruits And Puree",1006,5%,,Modern General Trading,,KG,,KG,,,,AED,32,,,,
24191,Compote Pineapple,,,,TRUE,,Bakery & Pastry,1002,5%,,Modern General Trading,,KG,,TUB/2.5KG,,,,AED,110,,,,
24192,Puree Coconut Frz,,,,TRUE,,Bakery & Pastry,1002,5%,,Modern General Trading,,KG,,KG,,,,AED,32,,,,
24193,Puree Pineapple frz,,,,TRUE,,Bakery & Pastry,1002,5%,,Modern General Trading,,KG,,KG,,,,AED,38,,,,
24194,Compote Mango & Passion,,,,TRUE,,Bakery & Pastry,1002,5%,,Modern General Trading,,KG,,TUB/2.5KG,,,,AED,115,,,,
24195,Cashewnut Peeled Whole W320- KG Pkt,,,,TRUE,,Dry Goods,1003,5%,,Trustlink Trading LLC,,KG,,KG,,,,AED,37,,,,
24196,Syrup MapLe/Pancake Syrup  - 720 ML X 12 BTL,,,,TRUE,,Juices and Syrups,1007,5%,,M.H. Enterprises,,L,,BTL/720ML,,,,AED,7.92,,,,
24197,Cheese Buffalo Mozzarella,,,,TRUE,,Dairy,1005,5%,,Hubit General Trading LLC,,KG,,KG,,,,AED,80,,,,
24198,Spice Cardamom Black,,,,TRUE,,Dry Goods,1003,5%,,M.H. Enterprises,,KG,,KG,,,,AED,85,,,,
24199,Lentil - Moong Dal 777 - 15 KG Bag,,,,TRUE,,Dry Goods,1003,5%,,M.H. Enterprises,,KG,,KG,,,,AED,6.5,,,,
24200,Sauce Mayonnaise Sachets 10g,,,,TRUE,,Dry Goods,1003,5%,,M.H. Enterprises,,PCS,,CS/1000PCS,,,,AED,151,,,,
24201,Fruit Filling-Cherry Dark Filling,,,,TRUE,,Bakery & Pastry,1002,5%,,Modern General Trading,,KG,,TIN/2.7KG,,,,AED,90,,,,
24202,Demi Glace Sauce Powder,,,,TRUE,,Dry Goods,1003,5%,,M.H. Enterprises,,KG,,PKT/750GM,,,,AED,49,,,,
24203,Aromatic Powder- Knorr,,,,TRUE,,Dry Goods,1003,5%,,M.H. Enterprises,,KG,,KG,,,,AED,47,,,,
24204,Bread Sourdough Brown,,,,TRUE,,Bakery & Pastry,1002,5%,,Bake N More Factory LLC,,PCS,,PCS,,,,AED,15,,,,
24205,Bread Brioche Bun 20gm,,,,TRUE,,Bakery & Pastry,1002,5%,,Bake N More Factory LLC,,PCS,,PCS,,,,AED,1.15,,,,
24206,Bread Brioche Bun Multiseed 20gm,,,,TRUE,,Bakery & Pastry,1002,5%,,Bake N More Factory LLC,,PCS,,PCS,,,,AED,1.25,,,,
24207,Spice Garlic Granulated,,,,TRUE,,Dry Goods,1003,5%,,Safco International Gen.Trd Llc,,KG,,KG,,,,AED,40,,,,
24208,Cheese Halloumi Cyprus,,,,TRUE,,Dairy,1005,5%,,Modern General Trading,,KG,,PKT/225GM,,,,AED,7,,,,
24209,Tofu 297Gm Silken,,,,TRUE,,Dairy,1005,5%,,Safco International Gen.Trd Llc,,KG,,PKT/297GM,,,,AED,8,,,,
24210,Beans Edamame Frz 500G W/Out Shell,,,,TRUE,,"Frozen Vegetable ,Fruits And Puree",1006,5%,,Safco International Gen.Trd Llc,,KG,,PKT/500GM,,,,AED,9,,,,
24211,Tortilla Corn Frz-La Banderita,,,,TRUE,,"Frozen Vegetable ,Fruits And Puree",1006,5%,,Safco International Gen.Trd Llc,,PCS,,CS/120PCS,,,,AED,27,,,,
24212,Msg 400 Gms Pkt Ajinomoto,,,,TRUE,,Dry Goods,1003,5%,,Datar And Sons,,KG,,PKT/400GM,,,,AED,3,,,,
24213,Spice Cinnamon Stick,,,,TRUE,,Dry Goods,1003,5%,,Datar And Sons,,KG,,KG,,,,AED,15,,,,
24214,Spice Cumin Powder-KG,,,,TRUE,,Dry Goods,1003,5%,,Datar And Sons,,KG,,KG,,,,AED,16.38,,,,
24215,Nutmeg Whole,,,,TRUE,,Dry Goods,1003,5%,,Datar And Sons,,KG,,KG,,,,AED,32,,,,
24216,Cold Glaze Neutral,,,,TRUE,,Bakery & Pastry,1002,5%,,Emirates Snack Foods Llc,,KG,,KG,,,,AED,20.8,,,,
24217,Coconut Milk Powder,,,,TRUE,,Dry Goods,1003,5%,,M.H. Enterprises,,KG,,KG,,,,AED,37.5,,,,
24218,Vinegar BaLsamic,,,,TRUE,,Dry Goods,1003,5%,,M.H. Enterprises,,L,,BTL/500ML,,,,AED,8,,,,
24219,Sauce Teriyaki,,,,TRUE,,Dry Goods,1003,5%,,M.H. Enterprises,,L,,BTL/250ML,,,,AED,7.5,,,,
24220,Gherkin Baby- 2.5 KG BTL,,,,TRUE,,Dry Goods,1003,5%,,Safco International Gen.Trd Llc,,KG,,BTL/2.5KG,,,,AED,22,,,,
24221,Pickle  Mango 4 X 5 KG,,,,TRUE,,Dry Goods,1003,5%,,M.H. Enterprises,,KG,,BTL/5KG,,,,AED,16.25,,,,
24222,Almond Whole,,,,TRUE,,Dry Goods,1003,5%,,Safco International Gen.Trd Llc,,KG,,KG,,,,AED,32,,,,
24223,Macadamia Nut,,,,TRUE,,Dry Goods,1003,5%,,Safco International Gen.Trd Llc,,KG,,KG,,,,AED,105,,,,
24224,Lentil - Toor Dal Plain 777,,,,TRUE,,Dry Goods,1003,5%,,H.K. Enterprises L.L.C,,KG,,BAG/15KG,,,,AED,125,,,,
24225,Chocolate Stick Dark,,,,TRUE,,Bakery & Pastry,1002,5%,,Baklawa Made Better Sugar Candies Trading L.L.C. – Sole Prop,,KG,,KG,,,,AED,16.5,,,,
24226,Lentil - Chana Yellow 15KG Bag,,,,TRUE,,Dry Goods,1003,5%,,M.H. Enterprises,,KG,,BAG/15KG,,,,AED,70,,,,
24227,Bread Focaccia 60x40cm FRZ,,,,TRUE,,Bakery & Pastry,1002,5%,,Bake N More Factory LLC,,KG,,PKT/2KG,,,,AED,27.5,,,,
24228,Flour Pizza Caputo 00,,,,TRUE,,Dry Goods,1003,5%,,Quality Fine Foodstuff Trading  L.L.C,,KG,,BAG/25KG,,,,AED,145,,,,
24229,Chicken Wings Jumbo Raw,,,,TRUE,,Poultry,1010,5%,,Quality Fine Foodstuff Trading  L.L.C,,KG,,KG,,,,AED,12.75,,,,
24230,Soft Ice Cheese Cake Base 2KG,,,,TRUE,,Bakery & Pastry,1002,5%,,La Marquise International Co. LLC,,KG,,KG,,,,AED,60.5,,,,
24231,Lamb Shoulder Bone In,,,,TRUE,,Meat,1004,5%,,Faisal Al Nusif Trading Co,,KG,,KG,,,,AED,30,,,,
24232,Juice PineappLe Long Life,,,,TRUE,,Juices and Syrups,1007,5%,,M.H. Enterprises,,L,,L,,,,AED,3.75,,,,
24233,Ice Cream Pistachio,,,,TRUE,,Dairy,1005,5%,,Lulu Hypermarket,,L,,L,,,,AED,12.95,,,,
24234,Tea Green Tea Twinings - 1 X 26,,,,TRUE,,Dry Goods,1003,5%,,Baqer Mohebi Est.,,BOX/25PCS,,BOX/25PCS,,,,AED,9.33,,,,
24235,MiLk Low Fat Fresh- 2 Ltr Can,,,,TRUE,,Dairy,1005,5%,,National Dairy LLC,,L,,BTL/2L,,,,AED,7.75,,,,
24236,Baking Powder - 12 X 450 Gms - Foster Cl,,,,TRUE,,Dry Goods,1003,5%,,M.H. Enterprises,,KG,,TIN/450GM,,,,AED,12.08,,,,
24237,Chocolate Milk 34% Sugar Free,,,,TRUE,,Bakery & Pastry,1002,5%,,La Marquise International Co. LLC,,KG,,BAG/15KG,,,,AED,1050,,,,
24238,Dry Rose Petal,,,,TRUE,,Dry Goods,1003,5%,,Datar And Sons,,KG,,KG,,,,AED,28,,,,
24239,"Tortilla Flour  6"" 24X12Pc",,,,TRUE,,Bakery & Pastry,1002,5%,,Safco International Gen.Trd Llc,,PCS,,CS/20x24PCS,,,,AED,180,,,,
24240,Japanese Pickeld Ginger (Gari),,,,TRUE,,Dry Goods,1003,5%,,Safco International Gen.Trd Llc,,KG,,KG,,,,AED,14,,,,
24241,Syrup Mango,,,,TRUE,,Juices and Syrups,1007,5%,,Octopus General Trading LLC,,KG,,BTL/1.3KG,,,,AED,90,,,,
24242,Raisins Golden KG,,,,TRUE,,Dry Goods,1003,5%,,Safco International Gen.Trd Llc,,KG,,KG,,,,AED,15,,,,
24243,Flour Tempura Japanese-Showa,,,,TRUE,,Dry Goods,1003,5%,,M.H. Enterprises,,KG,,KG,,,,AED,14,,,,
24244,Spice chilli Powder Red Deggi Mirch MDH-100 Gms,,,,TRUE,,Dry Goods,1003,5%,,M.H. Enterprises,,KG,,PKT/100GM,,,,AED,6.5,,,,
24245,Lentil Brown/Green (Masoor Whole),,,,TRUE,,Dry Goods,1003,5%,,M.H. Enterprises,,KG,,KG,,,,AED,8,,,,
24246,Syrup CarameL-HershLeys 22Oz,,,,TRUE,,Juices and Syrups,1007,5%,,Safco International Gen.Trd Llc,,L,,BTL/22OZ,,,,AED,12,,,,
24247,Chick Peas In Tin - 24 X 400 Gms Tin,,,,TRUE,,Dry Goods,1003,5%,,Safco International Gen.Trd Llc,,KG,,CAN/400GM,,,,AED,2,,,,
24248,Coconut Flakes,,,,TRUE,,Dry Goods,1003,5%,,Trustlink Trading LLC,,KG,,PKT/500GM,,,,AED,12,,,,
24249,Beef Stock  Powder Knorr 6 X 1.1 KG,,,,TRUE,,Dry Goods,1003,5%,,Trustlink Trading LLC,,KG,,KG,,,,AED,32.5,,,,
24250,Mustard French 255 Gm,,,,TRUE,,Dry Goods,1003,5%,,M.H. Enterprises,,KG,,BTL/255GM,,,FSWP975,AED,4.17,,,,
24251,Dairy MiLk FuLL Cream- Long Life,,,,TRUE,,Dairy,1005,5%,,M.H. Enterprises,,L,,L,,,,AED,3.84,,,,
24252,Chia Seed,,,,TRUE,,Dry Goods,1003,5%,,Safco International Gen.Trd Llc,,KG,,KG,,,,AED,50,,,,
24253,Spice Cinnamon Powder KG,,,,TRUE,,Dry Goods,1003,5%,,M.H. Enterprises,,KG,,KG,,,,AED,18,,,,
24254,Spice Pepper Powder Black,,,,TRUE,,Dry Goods,1003,5%,,M.H. Enterprises,,KG,,KG,,,,AED,20,,,,
24255,Biscuit Crumbles For Cheese Cake,,,,TRUE,,Bakery & Pastry,1002,5%,,Bake N More Factory LLC,,KG,,KG,,,,AED,25,,,,
24256,Juice Apple Nectar 180ml,,,,TRUE,,Juices and Syrups,1007,5%,,M.H. Enterprises,,PCS,,CS/32x180ML,,,,AED,34,,,,
24257,"Bread Brioche Bun Sliders 3"" 40Gm",,,,TRUE,,Bakery & Pastry,1002,5%,,Modern General Trading,,PCS,,PCS,,,,AED,1.1,,,,
24258,Pumpkin Seeds Skinless,,,,TRUE,,Dry Goods,1003,5%,,M.H. Enterprises,,KG,,KG,,,,AED,26,,,,
24259,Fruit Filling-Blueberry 50%,,,,TRUE,,Bakery & Pastry,1002,5%,,Modern General Trading,,KG,,TIN/2.7KG,,,,AED,65,,,,
24260,Raspberry Frozen,,,,TRUE,,"Frozen Vegetable ,Fruits And Puree",1006,5%,,Modern General Trading,,KG,,KG,,,,AED,33.33,,,,
24261,Apricot Dry  Whole Indian,,,,TRUE,,Dry Goods,1003,5%,,Trustlink Trading LLC,,KG,,KG,,,,AED,34.65,,,,
24262,Sodium Bicarbonate - Fosters-12 X 150 Gm,,,,TRUE,,Dry Goods,1003,5%,,M.H. Enterprises,,KG,,PKT/150GM,,,,AED,4.68,,,,
24263,Baked Beans 2.628 KG Heinz Brand,,,,TRUE,,Dry Goods,1003,5%,,M.H. Enterprises,,KG,,TIN/2.6KG,,,,AED,19.66,,,,
24264,Lentil - Urad Dal,,,,TRUE,,Dry Goods,1003,5%,,M.H. Enterprises,,KG,,KG,,,,AED,7.83,,,,
24265,Cheese Ricotta,,,,TRUE,,Dairy,1005,5%,,Hubit General Trading LLC,,KG,,KG,,,,AED,34,,,,
24266,Biscuit Ladies Finger Savoiardi - 12 X 200 Gms,,,,TRUE,,Dry Goods,1003,5%,,Hubit General Trading LLC,,PKT/400GM,,PKT/400GM,,,,AED,11.3,,,,
24267,Pre Mix-Speculoos Cake,,,,TRUE,,Bakery & Pastry,1002,5%,,Baklawa Made Better Sugar Candies Trading L.L.C. – Sole Prop,,KG,,BAG/15KG,,,,AED,240,,,,
24268,Flour T45 Violette,,,,TRUE,,Dry Goods,1003,5%,,Food Emporium (Br.Aabdi Holding LLC),,KG,,BAG/25KG,,,,AED,69,,,,
24269,Syrup Strawberry,,,,TRUE,,Juices and Syrups,1007,5%,,Emirates Snack Foods Llc,,L,,L,,,,AED,65.92,,,,
24270,Spice Turmeric Powder,,,,TRUE,,Dry Goods,1003,5%,,M.H. Enterprises,,KG,,KG,,,,AED,7,,,,
24271,Sweet Pickle Relish 24X270 Gm Fefp176,,,,TRUE,,Dry Goods,1003,5%,,M.H. Enterprises,,KG,,BTL/270GM,,,,AED,6.75,,,,
24272,"Sugar Replacer(Maltitol, Erythritol, Stevia)",,,,TRUE,,Bakery & Pastry,1002,5%,,Fanar Al Khaleej Tr.,,KG,,KG,,,,AED,20,,,,
24273,Vinegar Cider -  1 Ltr BtL,,,,TRUE,,Dry Goods,1003,5%,,Safco International Gen.Trd Llc,,L,,L,,,,AED,6,,,,
24274,Pectin Fruit NH-SOSA (500GM) #58030000,,,,TRUE,,Bakery & Pastry,1002,5%,,Falcon's Eye Marketing L.L.C,,KG,,KG,,,,AED,350,,,,
24275,Pistachio Paste,,,,TRUE,,Dry Goods,1003,5%,,Modern General Trading,,KG,,BKT/5KG,,,,AED,250,,,,
24276,Coconut Dry Powder,,,,TRUE,,Dry Goods,1003,5%,,Trustlink Trading LLC,,KG,,KG,,,,AED,10,,,,
24277,Hazle Nut Whole Dry - KG,,,,TRUE,,Dry Goods,1003,5%,,Trustlink Trading LLC,,KG,,KG,,,,AED,42,,,,
24278,Pista Sliced 1 KG,,,,TRUE,,Dry Goods,1003,5%,,Trustlink Trading LLC,,KG,,KG,,,,AED,131,,,,
24279,Crackers Prawn,,,,TRUE,,Dry Goods,1003,5%,,Safco International Gen.Trd Llc,,KG,,PKT/500GM,,,,AED,14,,,,
24280,Sugar Sweet And Low Sachets-1X1000 PCS,,,,TRUE,,Dry Goods,1003,5%,,Safco International Gen.Trd Llc,,PCS,,CS/1000PCS,,,,AED,50,,,,
24281,Fd Breader B92154 Newlyweds 50Lb,,,,TRUE,,Dry Goods,1003,5%,,Fanar Al Khaleej Tr.,,KG,,KG,,,,AED,14.5,,,,
24282,Sauce Rich & Sauce L01709 4X1Gal,,,,TRUE,,Dry Goods,1003,5%,,Fanar Al Khaleej Tr.,,KG,,KG,,,,AED,20,,,,
24283,Bread Sourdough Brown Multiceral,,,,TRUE,,Bakery & Pastry,1002,5%,,Bake N More Factory LLC,,PCS,,PCS,,,,AED,18,,,,
24284,Dried Whole Chipotle Chilli,,,,TRUE,,Dry Goods,1003,5%,,M.H. Enterprises,,KG,,KG,,,,AED,110,,,,
24285,VaniLLa Essence,,,,TRUE,,Dry Goods,1003,5%,,M.H. Enterprises,,L,,BTL/28ML,,,,AED,1.95,,,,
24286,Tutti Fruitti,,,,TRUE,,Dry Goods,1003,5%,,Albahar Alakhdar For Foodstuff Trading LLC,,KG,,KG,,,,AED,7,,,,
24287,Butter Block Unsalted,,,,TRUE,,Dairy,1005,5%,,Al Tayeb Distribution - Sole Proprietorship LLC,,KG,,CS/25KG,,,,AED,950,,,,
24288,Chicken Thigh Tender Calibrated-45G,,,,TRUE,,Poultry,1010,5%,,Quality Fine Foodstuff Trading  L.L.C,,KG,,KG,,,,AED,18.75,,,,
24289,Chicken Whole Frozen-1000 Gms,,,,TRUE,,Poultry,1010,5%,,Quality Fine Foodstuff Trading  L.L.C,,KG,,KG,,,,AED,15.5,,,,
24290,Chocolate Ferrero  Rochers,,,,TRUE,,Bakery & Pastry,1002,5%,,M.H. Enterprises,,PCS,,BOX/24PCS,,,,AED,42.5,,,,
24291,Cream Clotted,,,,TRUE,,Dairy,1005,5%,,M.H. Enterprises,,KG,,BTL/170GM,,,,AED,19.5,,,,
24292,MiLk Soya 12 X 1 Ltr,,,,TRUE,,Dairy,1005,5%,,M.H. Enterprises,,L,,L,,,,AED,12,,,,
24293,Spice Garam Masala,,,,TRUE,,Dry Goods,1003,5%,,Datar And Sons,,KG,,KG,,,,AED,16,,,,
24294,Pickle Mix - Indian Classic - 4 X 5 KG,,,,TRUE,,Dry Goods,1003,5%,,M.H. Enterprises,,KG,,BKT/5KG,,,,AED,16.25,,,,
24295,Milk Powder,,,,TRUE,,Dry Goods,1003,5%,,Jaleel Foodservice Llc,,KG,,BAG/25KG,,,,AED,265,,,,
24296,Rice Basmati  Staff - 35 KG-Golden Baske,,,,TRUE,,Dry Goods,1003,5%,,Al Tayeb Distribution - Sole Proprietorship LLC,,KG,,KG,,,,AED,4.14,,,,
24297,Almond Powder,,,,TRUE,,Dry Goods,1003,5%,,Al Tayeb Distribution - Sole Proprietorship LLC,,KG,,KG,,,,AED,27,,,,
24298,Biscuit Smooth Spread Lotus 57%,,,,TRUE,,Bakery & Pastry,1002,5%,,Octopus General Trading LLC,,KG,,TUB/5KG,,,,AED,250,,,,
24299,Fanar Steak Seasoning-737165,,,,TRUE,,Franchise Sauces and Spices,1011,5%,,Fanar Al Khaleej Tr.,,KG,,KG,,,,AED,27,,,,
24300,Syrup Passion Fruit,,,,TRUE,,Juices and Syrups,1007,5%,,Octopus General Trading LLC,,KG,,BTL/1.3KG,,,,AED,97.5,,,,
24301,Egg Liquid chiLLed 1L,,,,TRUE,,Poultry,1010,5%,,Iqon Food industries LLC,,L,,L,,,,AED,11,,,,
24302,Pre Mix-Sugar Free Cake Mix Vanilla,,,,TRUE,,Dry Goods,1003,5%,,Fanar Al Khaleej Tr.,,KG,,KG,,,,AED,12.5,,,,
24303,Dairy ButtermiLk Laban,,,,TRUE,,Dairy,1005,5%,,National Dairy LLC,,L,,BTL/2L,,,,AED,9,,,,
24304,Vinegar White -  1 Lt,,,,TRUE,,Dry Goods,1003,5%,,M.H. Enterprises,,L,,L,,,,AED,2,,,,
24305,Syrup Grenadine,,,,TRUE,,Juices and Syrups,1007,5%,,Jaleel Foodservice Llc,,L,,BTL/1L,,,,AED,52,,,,
24306,Onion Paste Sauteed  3KGx4Packet,,,,TRUE,,Dry Goods,1003,5%,,Jaleel Foodservice Llc,,KG,,CS/4X3KG,,,,AED,180,,,,
24307,Spice Cardamom Green,,,,TRUE,,Dry Goods,1003,5%,,M.H. Enterprises,,KG,,KG,,,,AED,110,,,,
24308,Ice Cream ChocoLate,,,,TRUE,,Dairy,1005,5%,,Safco International Gen.Trd Llc,,L,,TUB/4.75L,,,,AED,98,,,,
24309,Korean Hot Pepper Paste-Gochujang,,,,TRUE,,Dry Goods,1003,5%,,Safco International Gen.Trd Llc,,KG,,PKT/480GM,,,,AED,14,,,,
24310,Vinegar Mirin,,,,TRUE,,Dry Goods,1003,5%,,Safco International Gen.Trd Llc,,L,,L,,,,AED,19,,,,
24311,Semolina,,,,TRUE,,Dry Goods,1003,5%,,M.H. Enterprises,,KG,,KG,,,,AED,4.5,,,,
24312,Yeast Fresh Frozen,,,,TRUE,,Bakery & Pastry,1002,5%,,Hubit General Trading LLC,,KG,,PKT/500GM,,,,AED,10,,,,
24313,Bread Improver 1X10 KG,,,,TRUE,,Bakery & Pastry,1002,5%,,Safco International Gen.Trd Llc,,KG,,BAG/10KG,,,,AED,155,,,,
24314,Honey Bihophar Summer Flower 6x1KG,,,,TRUE,,Dry Goods,1003,5%,,Modern General Trading,,KG,,KG,,,,AED,38.33,,,,
24315,Pre Mix-Chocolate Muffin,,,,TRUE,,Bakery & Pastry,1002,5%,,Falcon's Eye Marketing L.L.C,,KG,,BAG/10KG,,,,AED,92,,,,
24316,Baking Powder - Rumford 230 Gms Tin,,,,TRUE,,Dry Goods,1003,5%,,Lulu Hypermarket,,KG,,BTL/230GM,,,,AED,16.5,,,,
24317,Pistaccio Cream/ Golosa Granellata,,,,TRUE,,Bakery & Pastry,1002,5%,,Sparrow International General Trading LLC,,KG,,TUB/5KG,,,,AED,405,,,,
24318,Pre Mix-Vanilla Muffin,,,,TRUE,,Bakery & Pastry,1002,5%,,Emirates Snack Foods Llc,,KG,,BAG/15KG,,,,AED,180,,,,
24319,Sauce Sweet ChiLLi Panthai 12X730ML,,,,TRUE,,Dry Goods,1003,5%,,M.H. Enterprises,,L,,BTL/730ML,,,,AED,11.25,,,,
24320,Raisins Black,,,,TRUE,,Dry Goods,1003,5%,,Al Adil Trading Co LLC,,KG,,KG,,,,AED,28,,,,
24321,Lamb Leg B/Les Cubes 40 Gms-5 KG  Indian,,,,TRUE,,Meat,1004,5%,,MNM Foodstuff Trading LLC,,KG,,KG,,,,AED,43,,,,
24322,Crab Stick/Kani Kamaboko Ichimasa,,,,TRUE,,Seafood,1009,5%,,Safco International Gen.Trd Llc,,KG,,PKT/500GM,,,,AED,26,,,,
24323,"Tortilla Flour 12"" 10X12Pc",,,,TRUE,,"Frozen Vegetable ,Fruits And Puree",1006,5%,,M.H. Enterprises,,PCS,,PKT/12PCS,,,,AED,8.33,,,,
24324,Spice Saffron Tajmahal 4Gm,,,,TRUE,,Dry Goods,1003,5%,,M.H. Enterprises,,KG,,PKT/4GM,,,,AED,75,,,,
24325,Puree Raspberry - KG,,,,TRUE,,"Frozen Vegetable ,Fruits And Puree",1006,5%,,Modern General Trading,,KG,,KG,,,,AED,41,,,,
24326,Puree Strawberry,,,,TRUE,,"Frozen Vegetable ,Fruits And Puree",1006,5%,,Modern General Trading,,KG,,KG,,,,AED,28,,,,
24328,Lamb Leg Boneless Chilled- Aus,,,,TRUE,,Meat,1004,5%,,Faisal Al Nusif Trading Co,,KG,,KG,,,,AED,37,,,,
24329,Chocolate Compound Dark,,,,TRUE,,Bakery & Pastry,1002,5%,,Falcon's Eye Marketing L.L.C,,KG,,PKT/2.5KG,,,,AED,45,,,,
24330,Chocolate Compound White,,,,TRUE,,Bakery & Pastry,1002,5%,,Falcon's Eye Marketing L.L.C,,KG,,KG,,,,AED,45,,,,
24331,Flavour Orange Compound,,,,TRUE,,Bakery & Pastry,1002,5%,,Baqer Mohebi Est.,,KG,,KG,,,,AED,70,,,,
24332,Flavour Mango Compound,,,,TRUE,,Bakery & Pastry,1002,5%,,Baqer Mohebi Est.,,KG,,KG,,,,AED,70,,,,
24333,Pistachio Peeled,,,,TRUE,,Dry Goods,1003,5%,,Trustlink Trading LLC,,KG,,KG,,,,AED,81.9,,,,
24334,Figs Dry - KG,,,,TRUE,,Dry Goods,1003,5%,,Trustlink Trading LLC,,KG,,KG,,,,AED,36.75,,,,
24335,Cranberry Dried,,,,TRUE,,Dry Goods,1003,5%,,Trustlink Trading LLC,,KG,,KG,,,,AED,29.4,,,,
24336,Almond Flakes  KG,,,,TRUE,,Dry Goods,1003,5%,,Trustlink Trading LLC,,KG,,KG,,,,AED,31.5,,,,
24337,Coconut Flour Organic,,,,TRUE,,Dry Goods,1003,5%,,La International Food and Beverage Trading LLC-FZ,,KG,,PKT/500GM,,,,AED,9,,,,
24338,Cherry Candied Glazed,,,,TRUE,,Bakery & Pastry,1002,5%,,Modern General Trading,,KG,,KG,,,,AED,24,,,,
24339,Spice Kashmiri Chilli Powder (Mdh),,,,TRUE,,Dry Goods,1003,5%,,Safco International Gen.Trd Llc,,KG,,KG,,,,AED,21.5,,,,
24340,Biscuits Oreo -128x38G,,,,TRUE,,Dry Goods,1003,5%,`,Safco International Gen.Trd Llc,,KG,,PKT/44GM,,,,AED,10.83,,,,
24341,Sugar Icing 24 X 500 Grms,,,,TRUE,,Dry Goods,1003,5%,,Modern General Trading,,KG,,PKT/500GM,,,,AED,5.5,,,,
24343,Udon Noodles Frozen,,,,TRUE,,"Frozen Vegetable ,Fruits And Puree",1006,5%,,Lulu Hypermarket,,KG,,PKT/300GM,,,,AED,10.58,,,,
24344,Turkish Coffee,,,,TRUE,,Dry Goods,1003,5%,,Lulu Hypermarket,,KG,,KG,,,,AED,70,,,,
24345,Tea English B/Fast Twinings - 1 X 26,,,,TRUE,,Dry Goods,1003,5%,,Baqer Mohebi Est.,,BOX/25PCS,,BOX/2PCS,,,,AED,9.5,,,,
24346,Tea English B/Fast Assam Jings,,,,TRUE,,"Coffee,Tea",1008,5%,,Zahart Masafi,,KG,,KG,,,,AED,62.95,,,,
24347,Bread Whole Meal Brown Sliced,,,,TRUE,,Bakery & Pastry,1002,5%,,Bake N More Factory LLC,,PKT,,PKT,,,,AED,14,,,,
24348,Cashewnut Paste-Regular,,,,TRUE,,Dry Goods,1003,5%,,Jaleel Foodservice Llc,,KG,,CS/12X1KG,,,,AED,396,,,,
24349,Dates Fresh-Madjool Jumbo,,,,TRUE,,Dry Goods,1003,5%,,Al Raiqa Dates Fruits Trading Co.Llc,,KG,,KG,,,,AED,45,,,,
24350,Chicken Mince (Breast) 1x10KG,,,,TRUE,,Poultry,1010,5%,,Quality Fine Foodstuff Trading  L.L.C,,KG,,KG,,,,AED,14,,,,
24351,Lentil Red Kidney BOiled 12x1KG,,,,TRUE,,Dry Goods,1003,5%,,Jaleel Foodservice Llc,,KG,,CS/12KG,,,,AED,120,,,,
24352,Modela-White Modelling Paste,,,,TRUE,,Bakery & Pastry,1002,5%,,Falcon's Eye Marketing L.L.C,,KG,,KG,,,,AED,24,,,,
24353,Fava Beans/Broad Beans/Foul Broken,,,,TRUE,,Dry Goods,1003,5%,,M.H. Enterprises,,KG,,KG,,,,AED,5,,,,
24354,Spice Shahijeera,,,,TRUE,,Dry Goods,1003,5%,,Datar And Sons,,KG,,KG,,,,AED,40,,,,
24355,Coffee Nescafe Matinal BTL-  200 Gm,,,,TRUE,,Dry Goods,1003,5%,,Ocean Fair International Llc,,KG,,BTL/200GM,,,,AED,18.75,,,,
24356,Pasta Macaroni/Chifferi Dry,,,,TRUE,,Dry Goods,1003,5%,,Emirates Snack Foods Llc,,KG,,PKT/500GM,,,,AED,7.5,,,,
24357,Gelatina Alim Fogli/Leave KG,,,,TRUE,,Dry Goods,1003,5%,,Modern General Trading,,KG,,KG,,,,AED,120,,,,
24358,Spice chilli Red Long-Dried,,,,TRUE,,Dry Goods,1003,5%,,Datar And Sons,,KG,,KG,,,,AED,15,,,,
24359,Spice Onion Powder,,,,TRUE,,Dry Goods,1003,5%,,Safco International Gen.Trd Llc,,KG,,KG,,,,AED,15,,,,
24360,Soft Drink Cola Zero 24x300ml-Coke,,,,TRUE,,Water and Soft Drinks,1001,5%,,Coca-Cola Al Ahlia Beverage Company L.L.C,,PCS,,CS/24CANS,,,,AED,49,,,,
24361,Mustard Seeds,,,,TRUE,,Dry Goods,1003,5%,,M.H. Enterprises,,KG,,KG,,,,AED,6,,,,
24362,Soft Drink Sprite Light Can 24X300Ml - Coke,,,,TRUE,,Water and Soft Drinks,1001,5%,,Coca-Cola Al Ahlia Beverage Company L.L.C,,PCS,,CS/24CANS,,,,AED,49,,,,
24363,Pancake Mix,,,,TRUE,,Dry Goods,1003,5%,,Fanar Al Khaleej Tr.,,KG,,CS/15X32OZ,,,,AED,175,,,,
24364,Spice Cumin Ground,,,,TRUE,,Dry Goods,1003,5%,,M.H. Enterprises,,KG,,KG,,,,AED,15,,,,
24365,Herb Kasuri Methy -KG-Mdh,,,,TRUE,,Dry Goods,1003,5%,,M.H. Enterprises,,KG,,KG,,,,AED,70,,,,
24366,Lemon Dry Yellow,,,,TRUE,,Dry Goods,1003,5%,,M.H. Enterprises,,KG,,KG,,,,AED,18,,,,
24367,Fondant Massa Ticino 7KG Pail,,,,TRUE,,Bakery & Pastry,1002,5%,,Modern General Trading,,KG,,TUB/7KG,,,,AED,210,,,,
24368,Salt Black,,,,TRUE,,Dry Goods,1003,5%,,Datar And Sons,,KG,,KG,,,,AED,5,,,,
24369,Artichoke Halved Hearts,,,,TRUE,,Dry Goods,1003,5%,,M.H. Enterprises,,KG,,TIN/2.9KG,,,,AED,15.5172413793103,,,,
24370,Oil Pure OLive Extra Virgin,,,,TRUE,,Dry Goods,1003,5%,,Safco International Gen.Trd Llc,,L,,L,,,,AED,53.75,,,,
24371,Pasta Farfalle 12X500Gm,,,,TRUE,,Dry Goods,1003,5%,,Emirates Snack Foods Llc,,KG,,PKT/500GM,,,,AED,10,,,,
24372,Pasta Linguini No 13 - 18 X 1 KG,,,,TRUE,,Dry Goods,1003,5%,,Emirates Snack Foods Llc,,KG,,KG,,,,AED,12.5,,,,
24373,Rice Arboro,,,,TRUE,,Dry Goods,1003,5%,,Emirates Snack Foods Llc,,KG,,KG,,,,AED,14,,,,
24374,Gherkins Large Size D,,,,TRUE,,Dry Goods,1003,5%,,M.H. Enterprises,,KG,,CAN/2.55KG,,,,AED,7.84313725490196,,,,
24375,Herb Oregano Dry Local,,,,TRUE,,Dry Goods,1003,5%,,M.H. Enterprises,,KG,,KG,,,,AED,16.8,,,,
24376,Jalapeno Peppers Sliced,,,,TRUE,,Dry Goods,1003,5%,,M.H. Enterprises,,KG,,TIN/3KG,,,,AED,5.26666666666667,,,,
24377,Juice Orange Fresh,,,,TRUE,,Juices and Syrups,1007,5%,,Vitalize General Trading LLC,,L,,L,,,,AED,13.25,,,,
24378,Tomatoes Sundried In Oil,,,,TRUE,,Dry Goods,1003,5%,,M.H. Enterprises,,KG,,TIN/2.9KG,,,,AED,24.1379310344828,,,,
24379,Cheese Asiago,,,,TRUE,,Dairy,1005,5%,,Hubit General Trading LLC,,KG,,KG,,,,AED,55,,,,
24380,Cheese Buffalo Mozzarella Bocconcini,,,,TRUE,,Dairy,1005,5%,,Hubit General Trading LLC,,KG,,KG,,,,AED,80,,,,
24381,Cheese Feta,,,,TRUE,,Dairy,1005,5%,,M.H. Enterprises,,KG,,PKT/500GM,,,,AED,10,,,,
24382,Cheese Parmesan Granapedano,,,,TRUE,,Dairy,1005,5%,,Hubit General Trading LLC,,KG,,KG,,,,AED,58,,,,
24383,Cheese Pecorino Romano Block,,,,TRUE,,Dairy,1005,5%,,Hubit General Trading LLC,,KG,,KG,,,,AED,72.9928808732795,,,,
24384,Beef Frozen Cooked Salami Sliced 8Cm,,,,TRUE,,Meat,1004,5%,,Indoguna,,KG,,KG,,,,AED,44,,,,
24385,Bresaola- Rigamonti 3KG,,,,TRUE,,Meat,1004,5%,,Hubit General Trading LLC,,KG,,KG,,,,AED,119,,,,
24386,Fish Clams White Frozen,,,,TRUE,,Seafood,1009,5%,,Quality Fine Foodstuff Trading  L.L.C,,KG,,KG,,,,AED,18,,,,
24387,Fish Shrimp 26/30Pd Frozen T/Off KG,,,,TRUE,,Seafood,1009,5%,,Quality Fine Foodstuff Trading  L.L.C,,KG,,KG,,,,AED,25,,,,
24388,Fish Squid Tube Cleaned U10 Frozen 10KGx1Pc,,,,TRUE,,Seafood,1009,5%,,Quality Fine Foodstuff Trading  L.L.C,,KG,,KG,,,,AED,18.5,,,,
24389,La Collezione Semolina Lasagne Yellow (12X500Gm),,,,TRUE,,Dry Goods,1003,5%,,Emirates Snack Foods Llc,,KG,,PKT/500GM,,,,AED,20,,,,
24390,Veal Osso Bucco Sliced,,,,TRUE,,Meat,1004,5%,,Faisal Al Nusif Trading Co,,PCS,,PCS,,,,AED,48,,,,
24391,Cheese Burrata,,,,TRUE,,Dairy,1005,5%,,Hubit General Trading LLC,,KG,,KG,,,,AED,76,,,,
24392,Peach Halves In Tin,,,,TRUE,,Dry Goods,1003,5%,,M.H. Enterprises,,KG,,TIN/825GM,,,,AED,9.5421686746988,,,,
24393,Pasta Rigatoni,,,,TRUE,,Dry Goods,1003,5%,,Emirates Snack Foods Llc,,KG,,PKT/500GM,,,,AED,8,,,,
24394,Water 1.5L Plastic Bottle,,,,TRUE,,Water and Soft Drinks,1001,5%,,Mai Dubai L.L.C,,PCS,,CS/12BTL,,,,AED,9.75,,,,
24395,Water 500 Ml Plastic Bottle,,,,TRUE,,Water and Soft Drinks,1001,5%,,Mai Dubai L.L.C,,PCS,,CS/24BTL,,,,AED,9.75,,,,
24396,Water Sparkling 330 Ml Galss Bottled,,,,TRUE,,Water and Soft Drinks,1001,5%,,Baynunah Watergeneration Technologies Sole Proprietorship Llc - Sole Proprietorship L.L.C.,,PCS,,CS/12BTL,,,,AED,36,,,,
24397,Water Sparkling 750ml Glass Bottle,,,,TRUE,,Water and Soft Drinks,1001,5%,,Baynunah Watergeneration Technologies Sole Proprietorship Llc - Sole Proprietorship L.L.C.,,PCS,,CS/6BTL,,,,AED,33,,,,
24398,Water  Glass Bottle - Still 330 Ml,,,,TRUE,,Water and Soft Drinks,1001,5%,,Baynunah Watergeneration Technologies Sole Proprietorship Llc - Sole Proprietorship L.L.C.,,PCS,,CS/12BTL,,,,AED,27,,,,
24399,Water Glass Bottle  - Still 750Ml,,,,TRUE,,Water and Soft Drinks,1001,5%,,Baynunah Watergeneration Technologies Sole Proprietorship Llc - Sole Proprietorship L.L.C.,,PCS,,CS/6BTL,,,,AED,27,,,,
24400,Soft Drink Fanta 24 X 300 Ml Cans,,,,TRUE,,Water and Soft Drinks,1001,5%,,Coca-Cola Al Ahlia Beverage Company L.L.C,,PCS,,CS/24CANS,,,,AED,49,,,,
24401,Soft Drink Sprite Zero 24x300ml-Coke,,,,TRUE,,Water and Soft Drinks,1001,5%,,Coca-Cola Al Ahlia Beverage Company L.L.C,,PCS,,CS/24CANS,,,,AED,49,,,,
24402,Asparagus Jumbo Gree,,,,TRUE,,Fruits And Vegetables,1012,5%,,NRTC Dubai international Vegetable & Fruits LLC,AUH Al Mahtab Vegetable & Fruits Co.Llc,KG,,KG,,,,AED,28.5,45,,,
24403,Banana,,,,TRUE,,Fruits And Vegetables,1012,5%,,NRTC Dubai international Vegetable & Fruits LLC,AUH Al Mahtab Vegetable & Fruits Co.Llc,KG,,KG,,,,AED,3.6,3.7,,,
24404,Fresh Basil Leaves,,,,TRUE,,Fruits And Vegetables,1012,5%,,NRTC Dubai international Vegetable & Fruits LLC,AUH Al Mahtab Vegetable & Fruits Co.Llc,KG,,KG,,,,AED,60,40,,,
24405,Blue Berry Fresh,,,,TRUE,,Fruits And Vegetables,1012,5%,,NRTC Dubai international Vegetable & Fruits LLC,AUH Al Mahtab Vegetable & Fruits Co.Llc,KG,,PKT/125GM,,,,AED,10,17,,,
24406,Broccoli Fresh,,,,TRUE,,Fruits And Vegetables,1012,5%,,NRTC Dubai international Vegetable & Fruits LLC,AUH Al Mahtab Vegetable & Fruits Co.Llc,KG,,KG,,,,AED,9,12,,,
24407,Cabbage White,,,,TRUE,,Fruits And Vegetables,1012,5%,,NRTC Dubai international Vegetable & Fruits LLC,AUH Al Mahtab Vegetable & Fruits Co.Llc,KG,,KG,,,,AED,1.6,1.7,,,
24408,Celery Fresh,,,,TRUE,,Fruits And Vegetables,1012,5%,,NRTC Dubai international Vegetable & Fruits LLC,,KG,,KG,,,,AED,6.25,,,,
24409,Cucumber Big,,,,TRUE,,Fruits And Vegetables,1012,5%,,NRTC Dubai international Vegetable & Fruits LLC,AUH Al Mahtab Vegetable & Fruits Co.Llc,KG,,KG,,,,AED,3,3,,,
24410,Lettuce Iceberg,,,,TRUE,,Fruits And Vegetables,1012,5%,,NRTC Dubai international Vegetable & Fruits LLC,AUH Al Mahtab Vegetable & Fruits Co.Llc,KG,,KG,,,,AED,6.35,8,,,
24411,Mint Leaves,,,,TRUE,,Fruits And Vegetables,1012,5%,,NRTC Dubai international Vegetable & Fruits LLC,AUH Al Mahtab Vegetable & Fruits Co.Llc,KG,,KG,,,,AED,6,4.5,,,
24412,Onion Large,,,,TRUE,,Fruits And Vegetables,1012,5%,,NRTC Dubai international Vegetable & Fruits LLC,AUH Al Mahtab Vegetable & Fruits Co.Llc,KG,,KG,,,,AED,1.45,5.5,,,
24413,Raspberry,,,,TRUE,,Fruits And Vegetables,1012,5%,,NRTC Dubai international Vegetable & Fruits LLC,AUH Al Mahtab Vegetable & Fruits Co.Llc,KG,,PKT/125G,,,,AED,13.5,16,,,
24414,Strawberry-Aust/ Usa,,,,TRUE,,Fruits And Vegetables,1012,5%,,NRTC Dubai international Vegetable & Fruits LLC,AUH Al Mahtab Vegetable & Fruits Co.Llc,KG,,KG,,,,AED,24,45,,,
24415,Avocado-Australia,,,,TRUE,,Fruits And Vegetables,1012,5%,,NRTC Dubai international Vegetable & Fruits LLC,AUH Al Mahtab Vegetable & Fruits Co.Llc,KG,,KG,,,,AED,20.75,28,,,
24416,Carrot Baby USA,,,,TRUE,,Fruits And Vegetables,1012,5%,,NRTC Dubai international Vegetable & Fruits LLC,AUH Al Mahtab Vegetable & Fruits Co.Llc,KG,,KG,,,,AED,5,19,,,
24417,Red Current,,,,TRUE,,Fruits And Vegetables,1012,5%,,NRTC Dubai international Vegetable & Fruits LLC,,KG,,PKT/125GM,,,,AED,11.5,,,,
24418,Fruit Physalis,,,,TRUE,,Fruits And Vegetables,1012,5%,,NRTC Dubai international Vegetable & Fruits LLC,,KG,,PKT/100GM,,,,AED,4.45,,,,
24419,Butternut Pumpkin,,,,TRUE,,Fruits And Vegetables,1012,5%,,NRTC Dubai international Vegetable & Fruits LLC,AUH Al Mahtab Vegetable & Fruits Co.Llc,KG,,KG,,,,AED,8,13,,,
24420,Chilli Green India,,,,TRUE,,Fruits And Vegetables,1012,5%,,NRTC Dubai international Vegetable & Fruits LLC,AUH Al Mahtab Vegetable & Fruits Co.Llc,KG,,KG,,,,AED,5,7,,,
24421,Leeks,,,,TRUE,,Fruits And Vegetables,1012,5%,,NRTC Dubai international Vegetable & Fruits LLC,,KG,,KG,,,,AED,9,,,,
24422,Lettuce Local/Romain,,,,TRUE,,Fruits And Vegetables,1012,5%,,NRTC Dubai international Vegetable & Fruits LLC,AUH Al Mahtab Vegetable & Fruits Co.Llc,KG,,KG,,,,AED,3.95,5,,,
24423,Onion White Import,,,,TRUE,,Fruits And Vegetables,1012,5%,,NRTC Dubai international Vegetable & Fruits LLC,AUH Al Mahtab Vegetable & Fruits Co.Llc,KG,,KG,,,,AED,3.7,3.9,,,
24424,Radish Red (Holland),,,,TRUE,,Fruits And Vegetables,1012,5%,,NRTC Dubai international Vegetable & Fruits LLC,AUH Al Mahtab Vegetable & Fruits Co.Llc,KG,,KG,,,,AED,19.5,22,,,
24425,Tomato Large,,,,TRUE,,Fruits And Vegetables,1012,5%,,NRTC Dubai international Vegetable & Fruits LLC,AUH Al Mahtab Vegetable & Fruits Co.Llc,KG,,KG,,,,AED,2.85,3.5,,,
24426,Zucchini Green Fresh,,,,TRUE,,Fruits And Vegetables,1012,5%,,NRTC Dubai international Vegetable & Fruits LLC,AUH Al Mahtab Vegetable & Fruits Co.Llc,KG,,KG,,,,AED,10.45,16,,,
24427,Jalapeno Pepper,,,,TRUE,,Fruits And Vegetables,1012,5%,,NRTC Dubai international Vegetable & Fruits LLC,AUH Al Mahtab Vegetable & Fruits Co.Llc,KG,,KG,,,,AED,32,50,,,
24428,Grape Fruit Pink,,,,TRUE,,Fruits And Vegetables,1012,5%,,NRTC Dubai international Vegetable & Fruits LLC,AUH Al Mahtab Vegetable & Fruits Co.Llc,KG,,KG,,,,AED,3.7,4.5,,,
24429,Cabbage Red,,,,TRUE,,Fruits And Vegetables,1012,5%,,NRTC Dubai international Vegetable & Fruits LLC,AUH Al Mahtab Vegetable & Fruits Co.Llc,KG,,KG,,,,AED,2.85,3,,,
24430,Ginger Fresh,,,,TRUE,,Fruits And Vegetables,1012,5%,,NRTC Dubai international Vegetable & Fruits LLC,AUH Al Mahtab Vegetable & Fruits Co.Llc,KG,,KG,,,,AED,3.75,6.5,,,
24431,Potato Large - Leban,,,,TRUE,,Fruits And Vegetables,1012,5%,,NRTC Dubai international Vegetable & Fruits LLC,AUH Al Mahtab Vegetable & Fruits Co.Llc,KG,,KG,,,,AED,2.2,5,,,
24432,Tomato Cherry Yello,,,,TRUE,,Fruits And Vegetables,1012,5%,,NRTC Dubai international Vegetable & Fruits LLC,AUH Al Mahtab Vegetable & Fruits Co.Llc,KG,,KG,,,,AED,19.5,25,,,
24433,Kale Leaves,,,,TRUE,,Fruits And Vegetables,1012,5%,,NRTC Dubai international Vegetable & Fruits LLC,AUH Al Mahtab Vegetable & Fruits Co.Llc,KG,,KG,,,,AED,34,47,,,
24434,Dill Leaves,,,,TRUE,,Fruits And Vegetables,1012,5%,,NRTC Dubai international Vegetable & Fruits LLC,AUH Al Mahtab Vegetable & Fruits Co.Llc,KG,,KG,,,,AED,5.25,5.5,,,
24435,Pomegranate,,,,TRUE,,Fruits And Vegetables,1012,5%,,NRTC Dubai international Vegetable & Fruits LLC,AUH Al Mahtab Vegetable & Fruits Co.Llc,KG,,KG,,,,AED,9,10,,,
24436,Carrot (Oman),,,,TRUE,,Fruits And Vegetables,1012,5%,,NRTC Dubai international Vegetable & Fruits LLC,AUH Al Mahtab Vegetable & Fruits Co.Llc,KG,,KG,,,,AED,2.85,3.75,,,
24437,Cauliflower Fresh,,,,TRUE,,Fruits And Vegetables,1012,5%,,NRTC Dubai international Vegetable & Fruits LLC,AUH Al Mahtab Vegetable & Fruits Co.Llc,KG,,KG,,,,AED,4.25,4.2,,,
24438,Coriander Leaves,,,,TRUE,,Fruits And Vegetables,1012,5%,,NRTC Dubai international Vegetable & Fruits LLC,AUH Al Mahtab Vegetable & Fruits Co.Llc,KG,,KG,,,,AED,6.25,10,,,
24439,Garlic Peeled Fresh,,,,TRUE,,Fruits And Vegetables,1012,5%,,NRTC Dubai international Vegetable & Fruits LLC,AUH Al Mahtab Vegetable & Fruits Co.Llc,KG,,KG,,,,AED,8.35,10,,,
24440,Parsley Fresh Local,,,,TRUE,,Fruits And Vegetables,1012,5%,,NRTC Dubai international Vegetable & Fruits LLC,AUH Al Mahtab Vegetable & Fruits Co.Llc,KG,,KG,,,,AED,6.25,5,,,
24441,Egg Large Saudi/ Loc,,,,TRUE,,Fruits And Vegetables,1012,5%,,NRTC Dubai international Vegetable & Fruits LLC,AUH Al Mahtab Vegetable & Fruits Co.Llc,PCS,,CS/360PCS,,,,AED,175,185,,,
24442,Tomato Cherry Red,,,,TRUE,,Fruits And Vegetables,1012,5%,,NRTC Dubai international Vegetable & Fruits LLC,AUH Al Mahtab Vegetable & Fruits Co.Llc,KG,,KG,,,,AED,15.5,20,,,
24443,Apple Green,,,,TRUE,,Fruits And Vegetables,1012,5%,,NRTC Dubai international Vegetable & Fruits LLC,AUH Al Mahtab Vegetable & Fruits Co.Llc,KG,,KG,,,,AED,4.9,5.5,,,
24444,Lemon,,,,TRUE,,Fruits And Vegetables,1012,5%,,NRTC Dubai international Vegetable & Fruits LLC,AUH Al Mahtab Vegetable & Fruits Co.Llc,KG,,KG,,,,AED,4.2,5,,,
24445,Lettuce Wild Rocket,,,,TRUE,,Fruits And Vegetables,1012,5%,,NRTC Dubai international Vegetable & Fruits LLC,AUH Al Mahtab Vegetable & Fruits Co.Llc,KG,,KG,,,,AED,48,60,,,
24446,Lime Green Seedless,,,,TRUE,,Fruits And Vegetables,1012,5%,,NRTC Dubai international Vegetable & Fruits LLC,AUH Al Mahtab Vegetable & Fruits Co.Llc,KG,,KG,,,,AED,6.45,6.5,,,
24447,Mushroom Button,,,,TRUE,,Fruits And Vegetables,1012,5%,,NRTC Dubai international Vegetable & Fruits LLC,AUH Al Mahtab Vegetable & Fruits Co.Llc,KG,,KG,,,,AED,16.2,17,,,
24448,Onion Brown,,,,TRUE,,Fruits And Vegetables,1012,5%,,NRTC Dubai international Vegetable & Fruits LLC,AUH Al Mahtab Vegetable & Fruits Co.Llc,KG,,KG,,,,AED,3.15,4,,,
24449,Onion Spring,,,,TRUE,,Fruits And Vegetables,1012,5%,,NRTC Dubai international Vegetable & Fruits LLC,AUH Al Mahtab Vegetable & Fruits Co.Llc,KG,,KG,,,,AED,6.5,5.5,,,
24450,Potato Red Fresh,,,,TRUE,,Fruits And Vegetables,1012,5%,,NRTC Dubai international Vegetable & Fruits LLC,AUH Al Mahtab Vegetable & Fruits Co.Llc,KG,,KG,,,,AED,10.5,10,,,
24451,Lettuce Mache  (Lamb,,,,TRUE,,Fruits And Vegetables,1012,5%,,NRTC Dubai international Vegetable & Fruits LLC,AUH Al Mahtab Vegetable & Fruits Co.Llc,KG,,KG,,,,AED,62,80,,,
24452,Lettuce Lolo Bionda,,,,TRUE,,Fruits And Vegetables,1012,5%,,NRTC Dubai international Vegetable & Fruits LLC,AUH Al Mahtab Vegetable & Fruits Co.Llc,KG,,KG,,,,AED,24,40,,,
24453,Apricot Fresh,,,,TRUE,,Fruits And Vegetables,1012,5%,,NRTC Dubai international Vegetable & Fruits LLC,AUH Al Mahtab Vegetable & Fruits Co.Llc,KG,,KG,,,,AED,18.5,16,,,
24454,Habanero Chilly Fres,,,,TRUE,,Fruits And Vegetables,1012,5%,,NRTC Dubai international Vegetable & Fruits LLC,AUH Al Mahtab Vegetable & Fruits Co.Llc,KG,,KG,,,,AED,60,68,,,
24455,Pepper Red Fresh,,,,TRUE,,Fruits And Vegetables,1012,5%,,NRTC Dubai international Vegetable & Fruits LLC,AUH Al Mahtab Vegetable & Fruits Co.Llc,KG,,KG,,,,AED,8,8.2,,,
24456,Bell Pepper Yellow,,,,TRUE,,Fruits And Vegetables,1012,5%,,NRTC Dubai international Vegetable & Fruits LLC,AUH Al Mahtab Vegetable & Fruits Co.Llc,KG,,KG,,,,AED,8,10.5,,,
24457,Okra Fresh  Indian,,,,TRUE,,Fruits And Vegetables,1012,5%,,NRTC Dubai international Vegetable & Fruits LLC,AUH Al Mahtab Vegetable & Fruits Co.Llc,KG,,KG,,,,AED,5.75,5.5,,,
24458,Sakura Mix Cress,,,,TRUE,,Fruits And Vegetables,1012,5%,,NRTC Dubai international Vegetable & Fruits LLC,AUH Al Mahtab Vegetable & Fruits Co.Llc,KG,,KG,,,,AED,60,60,,,
24459,Passion Fruit,,,,TRUE,,Fruits And Vegetables,1012,5%,,NRTC Dubai international Vegetable & Fruits LLC,AUH Al Mahtab Vegetable & Fruits Co.Llc,KG,,KG,,,,AED,15.5,25,,,
24460,Rosemary Loose,,,,TRUE,,Fruits And Vegetables,1012,5%,,NRTC Dubai international Vegetable & Fruits LLC,AUH Al Mahtab Vegetable & Fruits Co.Llc,KG,,KG,,,,AED,45,65,,,
24461,Thyme(In Packets),,,,TRUE,,Fruits And Vegetables,1012,5%,,NRTC Dubai international Vegetable & Fruits LLC,AUH Al Mahtab Vegetable & Fruits Co.Llc,KG,,PKT/20GM,,,,AED,5.7,7,,,
24462,Lemon Yellow South A,,,,TRUE,,Fruits And Vegetables,1012,5%,,NRTC Dubai international Vegetable & Fruits LLC,,KG,,KG,,,,AED,4.2,,,,
24463,Lettuce Raddiccio -,,,,TRUE,,Fruits And Vegetables,1012,5%,,NRTC Dubai international Vegetable & Fruits LLC,AUH Al Mahtab Vegetable & Fruits Co.Llc,KG,,KG,,,,AED,19,22,,,
24464,Lettuce Rocket Italy,,,,TRUE,,Fruits And Vegetables,1012,5%,,NRTC Dubai international Vegetable & Fruits LLC,AUH Al Mahtab Vegetable & Fruits Co.Llc,KG,,KG,,,,AED,48,55,,,
24465,Orange Fresh,,,,TRUE,,Fruits And Vegetables,1012,5%,,NRTC Dubai international Vegetable & Fruits LLC,AUH Al Mahtab Vegetable & Fruits Co.Llc,KG,,KG,,,,AED,2.75,4.95,,,
24466,Potato Selected 350-,,,,TRUE,,Fruits And Vegetables,1012,5%,,NRTC Dubai international Vegetable & Fruits LLC,AUH Al Mahtab Vegetable & Fruits Co.Llc,KG,,KG,,,,AED,2.25,5,,,
24467,Spinach Cleaned,,,,TRUE,,Fruits And Vegetables,1012,5%,,NRTC Dubai international Vegetable & Fruits LLC,AUH Al Mahtab Vegetable & Fruits Co.Llc,KG,,KG,,,,AED,2.85,3.25,,,
24468,Beetroot,,,,TRUE,,Fruits And Vegetables,1012,5%,,NRTC Dubai international Vegetable & Fruits LLC,AUH Al Mahtab Vegetable & Fruits Co.Llc,KG,,KG,,,,AED,2.2,2.5,,,
24469,Blackberry Fresh,,,,TRUE,,Fruits And Vegetables,1012,5%,,NRTC Dubai international Vegetable & Fruits LLC,AUH Al Mahtab Vegetable & Fruits Co.Llc,KG,,PKT/125GM,,,,AED,12,15,,,
24470,Pepper Green Fresh,,,,TRUE,,Fruits And Vegetables,1012,5%,,NRTC Dubai international Vegetable & Fruits LLC,AUH Al Mahtab Vegetable & Fruits Co.Llc,KG,,KG,,,,AED,3.35,4.5,,,
24471,Snow Peas,,,,TRUE,,Fruits And Vegetables,1012,5%,,NRTC Dubai international Vegetable & Fruits LLC,AUH Al Mahtab Vegetable & Fruits Co.Llc,KG,,KG,,,,AED,15.5,14.75,,,
24472,Spinach Baby - Italy,,,,TRUE,,Fruits And Vegetables,1012,5%,,NRTC Dubai international Vegetable & Fruits LLC,AUH Al Mahtab Vegetable & Fruits Co.Llc,KG,,KG,,,,AED,48,60,,,
24473,Chilli Red,,,,TRUE,,Fruits And Vegetables,1012,5%,,NRTC Dubai international Vegetable & Fruits LLC,AUH Al Mahtab Vegetable & Fruits Co.Llc,KG,,KG,,,,AED,17.95,18,,,
24474,Eggplant Baby Round-,,,,TRUE,,Fruits And Vegetables,1012,5%,,NRTC Dubai international Vegetable & Fruits LLC,AUH Al Mahtab Vegetable & Fruits Co.Llc,KG,,KG,,,,AED,4,4,,,
24475,Zucchini Yellow Fres,,,,TRUE,,Fruits And Vegetables,1012,5%,,NRTC Dubai international Vegetable & Fruits LLC,AUH Al Mahtab Vegetable & Fruits Co.Llc,KG,,KG,,,,AED,13.75,18,,,
24476,Fennel - Holland,,,,TRUE,,Fruits And Vegetables,1012,5%,,NRTC Dubai international Vegetable & Fruits LLC,AUH Al Mahtab Vegetable & Fruits Co.Llc,KG,,KG,,,,AED,12.5,18,,,
24477,Lemon Leaves,,,,TRUE,,Fruits And Vegetables,1012,5%,,NRTC Dubai international Vegetable & Fruits LLC,AUH Al Mahtab Vegetable & Fruits Co.Llc,KG,,KG,,,,AED,27.5,40,,,
24478,Papaya Green,,,,TRUE,,Fruits And Vegetables,1012,5%,,NRTC Dubai international Vegetable & Fruits LLC,AUH Al Mahtab Vegetable & Fruits Co.Llc,KG,,KG,,,,AED,5,6,,,
24479,Chives In Pots,,,,TRUE,,Fruits And Vegetables,1012,5%,,NRTC Dubai international Vegetable & Fruits LLC,AUH Al Mahtab Vegetable & Fruits Co.Llc,KG,,PKT/30GM,,,,AED,6,6,,,
24480,Galangal Fresh,,,,TRUE,,Fruits And Vegetables,1012,5%,,NRTC Dubai international Vegetable & Fruits LLC,AUH Al Mahtab Vegetable & Fruits Co.Llc,KG,,KG,,,,AED,18,18,,,
24481,Bok Choy Baby,,,,TRUE,,Fruits And Vegetables,1012,5%,,NRTC Dubai international Vegetable & Fruits LLC,AUH Al Mahtab Vegetable & Fruits Co.Llc,KG,,KG,,,,AED,14.5,23,,,
24482,Pineapple Fresh,,,,TRUE,,Fruits And Vegetables,1012,5%,,NRTC Dubai international Vegetable & Fruits LLC,AUH Al Mahtab Vegetable & Fruits Co.Llc,KG,,KG,,,,AED,4.6,5.25,,,
24483,Beans Fine Kenya,,,,TRUE,,Fruits And Vegetables,1012,5%,,NRTC Dubai international Vegetable & Fruits LLC,AUH Al Mahtab Vegetable & Fruits Co.Llc,KG,,KG,,,,AED,13,13,,,
24484,Baby Red Radish,,,,TRUE,,Fruits And Vegetables,1012,5%,,NRTC Dubai international Vegetable & Fruits LLC,AUH Al Mahtab Vegetable & Fruits Co.Llc,KG,,PKT/100GM,,,,AED,0,3.5,,,
24485,Pears Fresh,,,,TRUE,,Fruits And Vegetables,1012,5%,,NRTC Dubai international Vegetable & Fruits LLC,AUH Al Mahtab Vegetable & Fruits Co.Llc,KG,,KG,,,,AED,6.25,6.5,,,
24486,Melon Water Round Jo,,,,TRUE,,Fruits And Vegetables,1012,5%,,NRTC Dubai international Vegetable & Fruits LLC,,KG,,KG,,,,AED,1.9,,,,
24487,Avocado - Kenya,,,,TRUE,,Fruits And Vegetables,1012,5%,,NRTC Dubai international Vegetable & Fruits LLC,AUH Al Mahtab Vegetable & Fruits Co.Llc,KG,,KG,,,,AED,7.2,8,,,
24488,Cabbage Napa,,,,TRUE,,Fruits And Vegetables,1012,5%,,NRTC Dubai international Vegetable & Fruits LLC,AUH Al Mahtab Vegetable & Fruits Co.Llc,KG,,KG,,,,AED,5.5,8,,,
24489,Tarragon Fresh,,,,TRUE,,Fruits And Vegetables,1012,5%,,NRTC Dubai international Vegetable & Fruits LLC,AUH Al Mahtab Vegetable & Fruits Co.Llc,KG,,PKT/30GM,,,,AED,5.7,7,,,
24490,Dragon Fruit,,,,TRUE,,Fruits And Vegetables,1012,5%,,NRTC Dubai international Vegetable & Fruits LLC,AUH Al Mahtab Vegetable & Fruits Co.Llc,KG,,KG,,,,AED,13.5,28,,,
24491,Eggplant - Big,,,,TRUE,,Fruits And Vegetables,1012,5%,,NRTC Dubai international Vegetable & Fruits LLC,AUH Al Mahtab Vegetable & Fruits Co.Llc,KG,,KG,,,,AED,2.15,3,,,
24492,Lemon Grass,,,,TRUE,,Fruits And Vegetables,1012,5%,,NRTC Dubai international Vegetable & Fruits LLC,AUH Al Mahtab Vegetable & Fruits Co.Llc,KG,,KG,,,,AED,17.95,40,,,
24493,Fresh Turmeric,,,,TRUE,,Fruits And Vegetables,1012,5%,,NRTC Dubai international Vegetable & Fruits LLC,,KG,,KG,,,,AED,13,,,,
24494,Curry Leaves,,,,TRUE,,Fruits And Vegetables,1012,5%,,NRTC Dubai international Vegetable & Fruits LLC,AUH Al Mahtab Vegetable & Fruits Co.Llc,KG,,KG,,,,AED,11.5,14,,,
24495,Mango Ripe,,,,TRUE,,Fruits And Vegetables,1012,5%,,NRTC Dubai international Vegetable & Fruits LLC,AUH Al Mahtab Vegetable & Fruits Co.Llc,KG,,KG,,,,AED,10,9,,,
24496,Water Melon - Long,,,,TRUE,,Fruits And Vegetables,1012,5%,,NRTC Dubai international Vegetable & Fruits LLC,AUH Al Mahtab Vegetable & Fruits Co.Llc,KG,,KG,,,,AED,1.95,2.5,,,
24497,Kiwi Fruit Spain,,,,TRUE,,Fruits And Vegetables,1012,5%,,NRTC Dubai international Vegetable & Fruits LLC,AUH Al Mahtab Vegetable & Fruits Co.Llc,KG,,KG,,,,AED,8.5,11,,,
24498,Pumpkin Red,,,,TRUE,,Fruits And Vegetables,1012,5%,,NRTC Dubai international Vegetable & Fruits LLC,AUH Al Mahtab Vegetable & Fruits Co.Llc,KG,,KG,,,,AED,1.9,2.75,,,
24499,Beans Green,,,,TRUE,,Fruits And Vegetables,1012,5%,,NRTC Dubai international Vegetable & Fruits LLC,AUH Al Mahtab Vegetable & Fruits Co.Llc,KG,,KG,,,,AED,5.25,7,,,
24500,Lauki (bottle Gourd),,,,TRUE,,Fruits And Vegetables,1012,5%,,NRTC Dubai international Vegetable & Fruits LLC,,KG,,KG,,,,AED,2.7,,,,
24501,Plum Red,,,,TRUE,,Fruits And Vegetables,1012,5%,,NRTC Dubai international Vegetable & Fruits LLC,,KG,,KG,,,,AED,10,,,,
24502,Plum Black,,,,TRUE,,Fruits And Vegetables,1012,5%,,NRTC Dubai international Vegetable & Fruits LLC,,KG,,KG,,,,AED,12.5,,,,
24503,Grapes Red,,,,TRUE,,Fruits And Vegetables,1012,5%,,NRTC Dubai international Vegetable & Fruits LLC,,KG,,KG,,,,AED,10.5,,,,
24504,Pomelo Pink/White,,,,TRUE,,Fruits And Vegetables,1012,5%,,NRTC Dubai international Vegetable & Fruits LLC,AUH Al Mahtab Vegetable & Fruits Co.Llc,KG,,KG,,,,AED,9.5,7,,,
24505,Cabbage Chinese,,,,TRUE,,Fruits And Vegetables,1012,5%,,NRTC Dubai international Vegetable & Fruits LLC,,KG,,KG,,,,AED,5.5,,,,
24506,Carrot - Aust / Usa,,,,TRUE,,Fruits And Vegetables,1012,5%,,NRTC Dubai international Vegetable & Fruits LLC,AUH Al Mahtab Vegetable & Fruits Co.Llc,KG,,KG,,,,AED,5.5,3.75,,,
24507,Melon Water Round,,,,TRUE,,Fruits And Vegetables,1012,5%,,NRTC Dubai international Vegetable & Fruits LLC,,KG,,KG,,,,AED,1.9,,,,
24508,Drumstick,,,,TRUE,,Fruits And Vegetables,1012,5%,,NRTC Dubai international Vegetable & Fruits LLC,AUH Al Mahtab Vegetable & Fruits Co.Llc,KG,,KG,,,,AED,9.5,8.5,,,
24509,Avacado-Hass,,,,TRUE,,Fruits And Vegetables,1012,5%,,NRTC Dubai international Vegetable & Fruits LLC,AUH Al Mahtab Vegetable & Fruits Co.Llc,KG,,KG,,,,AED,20.75,28,,,
24510,White Pumpkin,,,,TRUE,,Fruits And Vegetables,1012,5%,,NRTC Dubai international Vegetable & Fruits LLC,AUH Al Mahtab Vegetable & Fruits Co.Llc,KG,,KG,,,,AED,2.7,3,,,
24511,Ginger-India,,,,TRUE,,Fruits And Vegetables,1012,5%,,NRTC Dubai international Vegetable & Fruits LLC,,KG,,KG,,,,AED,7.5,,,,
24512,Mushroom Enoki Thai,,,,TRUE,,Fruits And Vegetables,1012,5%,,NRTC Dubai international Vegetable & Fruits LLC,,KG,,KG,,,,AED,27,,,,
24513,Mango Ripe Badami,,,,TRUE,,Fruits And Vegetables,1012,5%,,NRTC Dubai international Vegetable & Fruits LLC,,KG,,KG,,,,AED,10,,,,
24514,Herb Rosemary,,,,TRUE,,Fruits And Vegetables,1012,5%,,NRTC Dubai international Vegetable & Fruits LLC,AUH Al Mahtab Vegetable & Fruits Co.Llc,KG,,PKT/20GM,,,,AED,5.5,65,,,
24515,Brussel Sprout,,,,TRUE,,Fruits And Vegetables,1012,5%,,NRTC Dubai international Vegetable & Fruits LLC,AUH Al Mahtab Vegetable & Fruits Co.Llc,KG,,KG,,,,AED,14,14,,,
24516,Apple Red,,,,TRUE,,Fruits And Vegetables,1012,5%,,NRTC Dubai international Vegetable & Fruits LLC,AUH Al Mahtab Vegetable & Fruits Co.Llc,KG,,KG,,,,AED,4.85,5,,,
24517,Potato Sweet,,,,TRUE,,Fruits And Vegetables,1012,5%,,NRTC Dubai international Vegetable & Fruits LLC,AUH Al Mahtab Vegetable & Fruits Co.Llc,KG,,KG,,,,AED,5.25,14,,,
24518,Radish Red Local - S,,,,TRUE,,Fruits And Vegetables,1012,5%,,NRTC Dubai international Vegetable & Fruits LLC,AUH Al Mahtab Vegetable & Fruits Co.Llc,KG,,KG,,,,AED,4.5,4,,,
24519,Pumpkin Green,,,,TRUE,,Fruits And Vegetables,1012,5%,,NRTC Dubai international Vegetable & Fruits LLC,,KG,,KG,,,,AED,2.7,,,,
24520,Bittergourd,,,,TRUE,,Fruits And Vegetables,1012,5%,,NRTC Dubai international Vegetable & Fruits LLC,,KG,,KG,,,,AED,6.25,,,,
24521,Spong Gourd,,,,TRUE,,Fruits And Vegetables,1012,5%,,NRTC Dubai international Vegetable & Fruits LLC,,KG,,KG,,,,AED,0,,,,
24522,Tomato Heirloom Fres,,,,TRUE,,Fruits And Vegetables,1012,5%,,NRTC Dubai international Vegetable & Fruits LLC,AUH Al Mahtab Vegetable & Fruits Co.Llc,KG,,KG,,,,AED,44,45.5,,,
24523,Brocolli Tender Stem,,,,TRUE,,Fruits And Vegetables,1012,5%,,NRTC Dubai international Vegetable & Fruits LLC,AUH Al Mahtab Vegetable & Fruits Co.Llc,KG,,KG,,,,AED,14.5,20,,,
24524,Fig Fresh,,,,TRUE,,Fruits And Vegetables,1012,5%,,NRTC Dubai international Vegetable & Fruits LLC,,KG,,KG,,,,AED,54,,,,
24525,Heirloom Carrot,,,,TRUE,,Fruits And Vegetables,1012,5%,,NRTC Dubai international Vegetable & Fruits LLC,AUH Al Mahtab Vegetable & Fruits Co.Llc,KG,,PKT/200GM,,,,AED,19,69,,,
24526,Cauliflower Purple,,,,TRUE,,Fruits And Vegetables,1012,5%,,NRTC Dubai international Vegetable & Fruits LLC,AUH Al Mahtab Vegetable & Fruits Co.Llc,KG,,KG,,,,AED,34,36.5,,,
24527,Radish White Local,,,,TRUE,,Fruits And Vegetables,1012,5%,,NRTC Dubai international Vegetable & Fruits LLC,,KG,,KG,,,,AED,3.75,,,,
24528,Cherry Red Holland,,,,TRUE,,Fruits And Vegetables,1012,5%,,NRTC Dubai international Vegetable & Fruits LLC,,KG,,KG,,,,AED,22,,,,
24529,Affila Cress,,,,TRUE,,Fruits And Vegetables,1012,5%,,NRTC Dubai international Vegetable & Fruits LLC,AUH Al Mahtab Vegetable & Fruits Co.Llc,KG,,KG,,,,AED,68,80,,,
24530,Sugar Snap Peas keny,,,,TRUE,,Fruits And Vegetables,1012,5%,,NRTC Dubai international Vegetable & Fruits LLC,AUH Al Mahtab Vegetable & Fruits Co.Llc,KG,,KG,,,,AED,15,26.5,,,
24531,Raddish White,,,,TRUE,,Fruits And Vegetables,1012,5%,,NRTC Dubai international Vegetable & Fruits LLC,,KG,,KG,,,,AED,5.5,,,,
24532,Tea Chamomile Whole Flower Jings,,,,TRUE,,"Coffee,Tea",1008,5%,,Zahart Masafi,,KG,,KG,,,,AED,226,,,,
24533,Tea Earl Grey Jings,,,,TRUE,,"Coffee,Tea",1008,5%,,Zahart Masafi,,KG,,KG,,,,AED,297,,,,
24534,Tea English B/Fast Assam Jings,,,,TRUE,,"Coffee,Tea",1008,5%,,Zahart Masafi,,KG,,KG,,,,AED,241,,,,
24535,Tea Gunpowder Supreme Jings,,,,TRUE,,"Coffee,Tea",1008,5%,,Zahart Masafi,,KG,,KG,,,,AED,199,,,,
24536,Tea Morrocan Mint,,,,TRUE,,"Coffee,Tea",1008,5%,,Zahart Masafi,,KG,,KG,,,,AED,243,,,,
24537,Psyllium Husk Powder 99%,,,,TRUE,,Dry Goods,1003,5%,,Vraj Psyllium,,KG,,KG,,,,AED,44,,,,
,,,,,TRUE,,,#N/A,5%,,,,,,,,,,,,,,,
26001,Antracite Stove Size Coal,,,,TRUE,,Fuel,2001,5%,,Infinity General Trading LLC-FZ,,Bag/18.14KG,,Bag/18.14KG,,,,AED,3.65,,,,
26002,Burger Box White 3Ply Eflute 12X12X10.5Cm-Fd,,,,TRUE,,Packaging,2002,5%,,Jasiel Advertising & Gifts Trading,,PCS,,PCS,,,,AED,2.5,,,,
26003,Refreshment Towel 7X12Cm 1X1000Pcs,,,,TRUE,,Guest Consumable,2003,5%,,Quality Wipes LLC,,CS/1000PCS,,CS/1000PCS,,,,AED,65,,,,
26004,Paper Baking Sheets- 40X60 Cm (1X500Pcs),,,,TRUE,,Packaging,2002,5%,,Grand Hotel Requisites Trading Llc,,CS/500PCS,,CS/500PCS,,,,AED,68,,,,
26005,Garbage Bags Black - 90 X 110,,,,TRUE,,Cleaning Materials,2004,5%,,Vstar Pack General Trading LLC OPC,,KG,,KG,,,,AED,4,,,,
26006,Container Clear Multi Hot 12Oz 1X150 Pcs,,,,TRUE,,Packaging,2002,5%,,Vstar Pack General Trading LLC OPC,,PCS,,CS/150PCS,,,,AED,54,,,,
26007,Box Hrvcb32 W/Pet Lid Bagasse-32Oz,,,,TRUE,,Packaging,2002,5%,,Vstar Pack General Trading LLC OPC,,PCS,,CS/300PCS,,,,AED,289.2,,,,
26008,Cling Film - 45 X 300 - 1X 6 Pcs- 1.6 Kg,,,,TRUE,,Kitchen Supplies,2005,5%,,Quick Pack Plastic Products Trading,,PCS,,CS/6PCS,,,,AED,105,,,,
26009,Gloves Vinyl Powder Free 10X100 Pkt,,,,TRUE,,Cleaning Materials,2004,5%,,Quick Pack Plastic Products Trading,,PKT/100PCS,,CS/100x10PKT,,,,AED,58,,,,
26010,Cutlery Pack 4 Pc Black Hd,,,,TRUE,,Packaging,2002,5%,,Quick Pack Plastic Products Trading,,CS/500PCS,,CS/500PCS,,,,AED,85,,,,
26011,Wood Oak 40L Bag,,,,TRUE,,Fuel,2001,5%,,Prime Link General Trading LLC,,Bag/15KG,,BAG/15KG,,,,AED,33,,,,
26012,Paper Napkin 22Cm  40 X50 Pc,,,,TRUE,,Guest Consumable,2003,5%,,W J Towell & Co. Llc,,CS/2000PCS,,CS/2000PCS,,,,AED,54,,,,
26013,Scouring Pads Fibrex - 4 X 25 Pcs,,,,TRUE,,Cleaning Materials,2004,5%,,Hygiene Detergent&Disinfectant Indu,,PCS,,PCS,,,,AED,2,,,,
26014,Sponge Cloth - 1 X 5 Pcs-Pkt-Assrtd Clr,,,,TRUE,,Cleaning Materials,2004,5%,,Hygiene Detergent&Disinfectant Indu,,PKT/5PCS,,PKT/5PCS,,,,AED,8,,,,
26015,Km Sprayoven Cleaner 320- 4 X 5 Ltr,,,,TRUE,,Cleaning Materials,2004,5%,,Kitchen Master Detergent & Disinfectant Trading Llc,,CAN/5L,,CAN/5L,,,,AED,31.25,,,,
26016,Km Rinse Aid 702 - 4 X 5 Ltr,,,,TRUE,,Cleaning Materials,2004,5%,,Kitchen Master Detergent & Disinfectant Trading Llc,,CAN/5L,,CAN/5L,,,,AED,58.38,,,,
26017,Km Bactericidal Hard Surface Cleaner 601 - 4 X 5 Ltr,,,,TRUE,,Cleaning Materials,2004,5%,,Kitchen Master Detergent & Disinfectant Trading Llc,,CAN/5L,,CAN/5L,,,,AED,43.5,,,,
26018,Km Washing Up Liquid Lemon 704- 4X5 Ltr,,,,TRUE,,Cleaning Materials,2004,5%,,Kitchen Master Detergent & Disinfectant Trading Llc,,CAN/5L,,CAN/5L,,,,AED,23.75,,,,
26019,Bag Plastic Big Take Away W/Logo 33X45 80 Micr,,,,TRUE,,Packaging,2002,5%,,Marhaba Plastic Bags Ind LLC,,KG,,KG,,,,AED,11.67,,,,
26020,Box Rectangular CR1000+Lid Bagasse-1000Ml,,,,TRUE,,Packaging,2002,5%,,Oak Tree Trading,,CS/300PCS,,CS/300PCS,,,,AED,261,,,,
26021,Straw Straight Black 8 Mm -10000 Pcs,,,,TRUE,,Guest Consumable,2003,5%,,Hotpack Packaging LLC,,PCS,,CS/10000Pc,,,,AED,220,,,,
26022,Aluminium FOil-150 M X45 Cm-6Pcs-2.6 Kg,,,,TRUE,,Kitchen Supplies,2005,5%,,Grand Hotel Requisites Trading Llc,,PCS,,CS/6PCS,,,,AED,160,,,,
26023,Bag Vacuum 30X40,,,,TRUE,,Kitchen Supplies,2005,5%,,Grand Hotel Requisites Trading Llc,,KG,,KG,,,,AED,15.5,,,,
26024,Container Square Black Bakery 252H1 W/Lid,,,,TRUE,,Packaging,2002,5%,,Grand Hotel Requisites Trading Llc,,CS/100PC,,CS/100PC,,,,AED,240,,,,
26025,Biriyani Bucket-1Kg-Pp-Food Grade,,,,TRUE,,Packaging,2002,5%,,Green Mountains,,PCS,,PCS,,,,AED,0.85,,,,
26026,Biriyani Bucket-2Kg-Pp-Food Grade,,,,TRUE,,Packaging,2002,5%,,Green Mountains,,PCS,,PCS,,,,AED,1.5,,,,
26027,Paper Napkin Plain 40 X 40 Cm-40X50 Pcs,,,,TRUE,,Guest Consumable,2003,5%,,Fine Hygienic Paper Fze,,PKT/50PCS,,CS/2000PCS,,,,AED,98,,,,
26028,Grease Proof Paper Fd Logo  380X283Mm- White,,,,TRUE,,Packaging,2002,5%,,Creative Tech Goods Wholesalers L.L.C.,,KG,,KG,,,,AED,17.5,,,,
26029,Km Drain Digester Ddn - 25 Ltr/Can,,,,TRUE,,Cleaning Materials,2004,5%,,Kitchen Master Detergent & Disinfectant Trading Llc,,CAN/25L,,CAN/25L,,,,AED,350,,,,
26030,Km Machine Dish Wash Detrgnt 308 -20 Ltr,,,,TRUE,,Cleaning Materials,2004,5%,,Kitchen Master Detergent & Disinfectant Trading Llc,,CAN/20L,,CAN/20L,,,,AED,190,,,,
26031,Km Milsan Fruit & Veg Wash 2X5 Ltr,,,,TRUE,,Cleaning Materials,2004,5%,,Kitchen Master Detergent & Disinfectant Trading Llc,,CAN/5L,,CAN/5L,,,,AED,52.5,,,,
26032,M Tork Rolls - 150 Mtr 6232,,,,TRUE,,Cleaning Materials,2004,5%,,Labtek Consumable Supplies Llc,,CS/6PCS,,CS/6PCS,,,,AED,32,,,,
26033,Scouring Pads W/ Sponge 10X10Pcs,,,,TRUE,,Cleaning Materials,2004,5%,,Hygiene Detergent&Disinfectant Indu,,PKT/10PCS,,PKT/10PCS,,,,AED,11.5,,,,
26034,Broom Hard Street,,,,TRUE,,Cleaning Materials,2004,5%,,Hygiene Detergent&Disinfectant Indu,,PCS,,PCS,,,,AED,10,,,,
26035,Broom Soft With Handle,,,,TRUE,,Cleaning Materials,2004,5%,,Hygiene Detergent&Disinfectant Indu,,PCS,,PCS,,,,AED,10,,,,
26036,Floor Wiper,,,,TRUE,,Cleaning Materials,2004,5%,,Hygiene Detergent&Disinfectant Indu,,PCS,,PCS,,,,AED,22,,,,
26037,Roll Printer 2 Ply - 76 X 70 Mm 1X100Pc,,,,TRUE,,Kitchen Supplies,2005,5%,,Labtek Consumable Supplies Llc,,PCS,,PCS,,,,AED,2.35,,,,
26038,Roll Thermal- 80 X 80 Cm - 1X60,,,,TRUE,,Kitchen Supplies,2005,5%,,Labtek Consumable Supplies Llc,,PCS,,PCS,,,,AED,2.92,,,,
26039,Garbage Bag Clear 90X110,,,,TRUE,,Cleaning Materials,2004,5%,,Vstar Pack General Trading LLC OPC,,KG,,KG,,,,AED,8.5,,,,
26040,Box Pizza W/Liner 33X33 1X100Pc,,,,TRUE,,Packaging,2002,5%,,Galaxy Plast LLC,,CS/100PC,,CS/100PC,,,,AED,150,,,,
26041,Box Burger Bb-Endura Brown Box,,,,TRUE,,Packaging,2002,5%,,Galaxy Plast LLC,,CS/250PCS,,CS/250PCS,,,,AED,170,,,,
26042,Souffle Cup Black 1Oz W/Lid,,,,TRUE,,Packaging,2002,5%,,Galaxy Plast LLC,,CS/2000PCS,,CS/2000PCS,,,,AED,90,,,,
26043,Bagasse Sushi Tray 8Oz-168X118X30+Pet Lid,,,,TRUE,,Packaging,2002,5%,,Oak Tree Trading,,PCS,,CS/600PCS,,,,AED,384,,,,
26044,Acrylic Square Container 9X9X6(H)Cm,,,,TRUE,,Packaging,2002,5%,,Subix International Hygiene & Safety Requisites Trading L.L.,,PCS,,PCS,,,,AED,3.8,,,,
26045,Labels Production-1X500Pcs- 100 Rolls,,,,TRUE,,Kitchen Supplies,2005,5%,,Century Self Adhessive Labels Manufacturing Llc,,PCS,,PCS,,,,AED,5.5,,,,
26046,Cup Cake Box-2Pc Fb 300Gsm 200X115 X120Mm+2 Cupcake&1Cupcake,,,,TRUE,,Packaging,2002,5%,,Colorline Printing Press LLC,,PCS,,PCS,,,,AED,2.4,,,,
26047,Caps Hair Net  Black 1X1000,,,,TRUE,,Kitchen Supplies,2005,5%,,Subix International Hygiene & Safety Requisites Trading L.L.,,PKT/100PCS,,CS/1000PCS,,,,AED,50,,,,
26048,Cup Souffle 3 Oz + Lid-1000Pc,,,,TRUE,,Packaging,2002,5%,,Grand Hotel Requisites Trading Llc,,CS/1000PCS,,CS/2000PCS,,,,AED,215,,,,
26049,Bag Clear T.P 20X14,,,,TRUE,,Kitchen Supplies,2005,5%,,Grand Hotel Requisites Trading Llc,,KG,,KG,,,,AED,9.5,,,,
26050,Paper Bag No.4 White 155 X 100 X 310,,,,TRUE,,Packaging,2002,5%,,Vstar Pack General Trading LLC OPC,,KG,,KG,,,,AED,6.25,,,,
26051,Cup Cake Box-6 Pcs - Fb 350 Gsm  280 X 190 X 110Mm,,,,TRUE,,Packaging,2002,5%,,Confectionery Packaging Products Factory LLC,,PCS,,PCS,,,,AED,1.95,,,,
26052,Sticker Side-Biriyani.Inc Small Side,,,,TRUE,,Packaging,2002,5%,,Asiatic Creative Solution-FZ,,PCS,,PCS,,,,AED,0.87,,,,
26053,Sticker Top-Biriyani.Inc Small Top,,,,TRUE,,Packaging,2002,5%,,Asiatic Creative Solution-FZ,,PCS,,PCS,,,,AED,0.87,,,,
26054,Cake Board Square 4Mm 27.5X27.5Cm W/Logo,,,,TRUE,,Packaging,2002,5%,,Asiatic Creative Solution-FZ,,PCS,,PCS,,,,AED,2.4,,,,
26055,Cake Box 28X28X16Cm 350Gsm-Full Cake-Fb-Top+Base,,,,TRUE,,Packaging,2002,5%,,Asiatic Creative Solution-FZ,,PCS,,PCS,,,,AED,2.5,,,,
26056,Cake Box 24X24X20Cm 350Gsm-Full Cake-Fb-Top+Base,,,,TRUE,,Packaging,2002,5%,,Asiatic Creative Solution-FZ,,PCS,,PCS,,,,AED,2.5,,,,
26057,Piping Bags Disposable - 40 Cm - 1 X 100,,,,TRUE,,Kitchen Supplies,2005,5%,,Vstar Pack General Trading LLC OPC,,ROLL/100Pc,,ROLL/100Pc,,,,AED,30,,,,
26058,Face Mask - 1 X 50 Pcs,,,,TRUE,,Guest Consumable,2003,5%,,Subix International Hygiene & Safety Requisites Trading L.L.,,PKT/50PCS,,CS/500PCS,,,,AED,28,,,,
26059,Km Hand Gel Sanitizer 4 X 5 Ltr,,,,TRUE,,Cleaning Materials,2004,5%,,Kitchen Master Detergent & Disinfectant Trading Llc,,CAN/5L,,CAN/5L,,,,AED,68.25,,,,
26060,Sticker Keto Break,,,,TRUE,,Retail Packaging,2006,5%,,Fast Printing Press LLc,,PCS,,PCS,,,,AED,0.5,,,,
26061,Sticker Bb Delivery Sleeve 55X6.3Cm 170Gsm,,,,TRUE,,Packaging,2002,5%,,Asiatic Creative Solution-FZ,,PCS,,PCS,,,,AED,0.7,,,,
26062,Cup Clear -14 Oz +Flat Lid 1000 Pc,,,,TRUE,,Packaging,2002,5%,,Hotpack Packaging LLC,,CS/1000PCS,,CS/1000PCS,,,,AED,240,,,,
26063,Kot Pads - Single Color - 1+2 Ncr-3 X 50,,,,TRUE,,Printing and Stationery,2007,5%,,Tamir Printing Press,,PCS,,PCS,,,,AED,3.5,,,,
26064,Pizza Box White 16Inch-Grimaldis,,,,TRUE,,Packaging,2002,5%,,Rainbow Pack Fze,,PCS,,PCS,,,,AED,2.2,,,,
26065,Chicken Bucket With Plain Lid 85Oz,,,,TRUE,,Packaging,2002,5%,,Hotpack Packaging LLC,,CS/100PC,,CS/100PC,,,,AED,143,,,,
26066,Km Machine Descaler 401- 4 X 5 Ltr,,,,TRUE,,Cleaning Materials,2004,5%,,Kitchen Master Detergent & Disinfectant Trading Llc,,CAN/5L,,CAN/5L,,,,AED,37.5,,,,
26067,Pizza Liner 40X40Cm- Grimaldis,,,,TRUE,,Packaging,2002,5%,,Rainbow Pack Fze,,PCS,,PCS,,,,AED,0.5,,,,
26068,Ribbon Erc 30/34/38 - Black/ Red,,,,TRUE,,Kitchen Supplies,2005,5%,,Eco pack LLC,,PCS,,PCS,,,,AED,12.6,,,,
26069,Bag Plastic 52X75 W/D Handle 80Mic Tablez Logo,,,,TRUE,,Packaging,2002,5%,,Marhaba Plastic Bags Ind LLC,,KG,,KG,,,,AED,11.67,,,,
26070,Photocopy Paper A4 Size,,,,TRUE,,Printing and Stationery,2007,5%,,Labtek Consumable Supplies Llc,,PKT,,PKT,,,,AED,12,,,,
26071,Cups Coffee Bloomsbury'S 12 Oz+Lid,,,,TRUE,,Packaging,2002,5%,,Technomat General Trading LLC (The Packmate),,CS/500PCS,,CS/500PCS,,,,AED,375,,,,
26072,Bowl Kraft Paper Noodle/Soup With Lid 16Oz,,,,TRUE,,Packaging,2002,5%,,Hotpack Packaging LLC,,CS/250PCS,,CS/250PCS,,,,AED,135,,,,
26073,Muffin Black Individual W/ Clear Dome Lid,,,,TRUE,,Packaging,2002,5%,,Mako Middle East Fze,,CS/500PC,,CS/500PC,,,,AED,195,,,,
26074,Bag Zipper 27 X 30,,,,TRUE,,Packaging,2002,5%,,Quick Pack Plastic Products Trading,,CS/480Pc,,CS/480Pc,,,,AED,132,,,,
26075,Bottle Juice Pet 400Ml,,,,TRUE,,Packaging,2002,5%,,Subix International Hygiene & Safety Requisites Trading L.L.,,PCS,,PCS,,,,AED,2.13,,,,
26076,Cow Hat 250 Gsm 60X24 - Kids Activity,,,,TRUE,,Guest Consumable,2003,5%,,Asiatic Creative Solution-FZ,,PCS,,PCS,,,,AED,0.75,,,,
26077,Bags Portion Plain  Saddlepack 6.5X7 2000Pc,,,,TRUE,,Packaging,2002,5%,,Grand Hotel Requisites Trading Llc,,CS/2000PCS,,CS/2000PCS,,,,AED,69,,,,
26078,Bag Vacuum 20X30,,,,TRUE,,Packaging,2002,5%,,Grand Hotel Requisites Trading Llc,,KG,,KG,,,,AED,17.5,,,,
26079,Km Glass & S.Steel Cleaner-6 X 750 Ml,,,,TRUE,,Cleaning Materials,2004,5%,,Kitchen Master Detergent & Disinfectant Trading Llc,,CAN/750ML,,CAN/750ML,,,,AED,17.33,,,,
26080,Glass Bottle For Tiramisu,,,,TRUE,,Packaging,2002,5%,,Cash Vendor,,PCS,,PCS,,,,AED,2,,,,
26081,Glass Bottle 250Ml Kk344-Hot Sauce ,,,,TRUE,,Packaging,2002,5%,,Subix International Hygiene & Safety Requisites Trading L.L.,,PCS,,PCS,,,,AED,4,,,,
26082,Cake Board Pastry 6.5X10Cm-Rect-Gold,,,,TRUE,,Packaging,2002,5%,,Lemondez Advertising LLC,,PCS,,PCS,,,,AED,0,,,,
26083,Sticker Fd Delivery Sleeve,,,,TRUE,,Packaging,2002,5%,,Fast Printing Press LLc,,PCS,,PCS,,,,AED,0.2,,,,
26084,Clear Round Container 300Cc+Lid,,,,TRUE,,Packaging,2002,5%,,Al Bayader,,CS/1000PCS,,CS/1000PCS,,,,AED,350,,,,
26085,Box Take Away Pe - Btc,,,,TRUE,,Packaging,2002,5%,,Hotpack Packaging LLC,,CS/120PCS,,CS/120PCS,,,,AED,81,,,,
26086,Tin-Tie Bag W/ Window 26X12X6.5Cm,,,,TRUE,,Packaging,2002,5%,,Hotpack Packaging LLC,,CS/500PCS,,CS/500PCS,,,,AED,225,,,,
26087,"Box Pillow Pack 114 X 227 X 44Mm-
Btc",,,,TRUE,,Packaging,2002,5%,,Hotpack Packaging LLC,,CS/250PCS,,CS/250PCS,,,,AED,120,,,,
26088,Plastic Pizza Stand-1000Pc,,,,TRUE,,Packaging,2002,5%,,Grand Hotel Requisites Trading Llc,,CS/1000PCS,,CS/1000PCS,,,,AED,45,,,,
26089,Bucket Short 500Ml Tub+Lid-Keto Break,,,,TRUE,,Packaging,2002,5%,,Grand Hotel Requisites Trading Llc,,CS/1200Pc,,CS/1200Pc,,,,AED,990,,,,
26090,Carton Box 3Ply 31X31X10Cm,,,,TRUE,,Packaging,2002,5%,,Lemondez Advertising LLC,,PCS,,PCS,,,,AED,1.31,,,,
26091,Carton Box 3Ply 40X34X11Cm,,,,TRUE,,Packaging,2002,5%,,Lemondez Advertising LLC,,PCS,,PCS,,,,AED,1.65,,,,
26092,Carton Box 3Ply 40X34X15Cm,,,,TRUE,,Packaging,2002,5%,,Lemondez Advertising LLC,,PCS,,PCS,,,,AED,1.98,,,,
26093,Kitchen Duster,,,,TRUE,,Packaging,2002,5%,,Grand Hotel Requisites Trading Llc,,PCS,,PCS,,,,AED,0.92,,,,
26094,"Bamboo Stick 6""(15Cm) 100 Pktx100Pc",,,,TRUE,,Guest Consumable,2003,5%,,Grand Hotel Requisites Trading Llc,,PKT,,PKT,,,,AED,0.8,,,,
26095,Box Bagasse Sandwich Tray 117X142Mm+Pet Lid,,,,TRUE,,Packaging,2002,5%,,Oak Tree Trading,,CS/250PCS,,CS/250PCS,,,,AED,190,,,,
26096,Cake Board Square 4Mm 23.5X 23.5 Cm W/Logo,,,,TRUE,,Packaging,2002,5%,,Decent Printing Press LLC,,PCS,,PCS,,,,AED,2.6,,,,
26097,Bottle Juice 500Ml,,,,TRUE,,Packaging,2002,5%,,Grand Hotel Requisites Trading Llc,,CS/130Pc,,CS/130Pc,,,,AED,80,,,,
26098,Grease Proof Brown Paper 350X250Mm,,,,TRUE,,Packaging,2002,5%,,Galaxy Plast LLC,,CS/2000PCS,,CS/2000PCS,,,,AED,328,,,,
26099,Silver Pouch Center Seal 105X220X70Mm,,,,TRUE,,Packaging,2002,5%,,Gulf Printing & Publishing LLC,,PCS,,PCS,,,,AED,0.35,,,,
26100,Pizza Liner 45X45Cm-Grimaldis,,,,TRUE,,Packaging,2002,5%,,Rainbow Pack Fze,,PCS,,PCS,,,,AED,0.5,,,,
26101,Bread Bag-13X10X28Cm-Brown,,,,TRUE,,Packaging,2002,5%,,Mako Middle East Fze,,PCS,,PCS,,,,AED,1,,,,
26102,Bread Bag-16X13X26 Cm-Brown,,,,TRUE,,Packaging,2002,5%,,Mako Middle East Fze,,PCS,,PCS,,,,AED,1.1,,,,
26103,Km Force Hd Oven Cleaner,,,,TRUE,,Cleaning Materials,2004,5%,,Kitchen Master Detergent & Disinfectant Trading Llc,,CAN/5L,,CAN/5L,,,,AED,55,,,,
26104,Fd Kids Activity Sheet White 45X30Cm,,,,TRUE,,Printing and Stationery,2007,5%,,Asiatic Creative Solution-FZ,,PCS,,PCS,,,,AED,0.4,,,,
26105,Chips Packet-12Mic Pet Matt+12Mic Met Pet+100Mic Pe 160X120,,,,TRUE,,Retail Packaging,2006,5%,,Avonflex Private Limited,,PCS,,PCS,,,,AED,0.35,,,,
26106,Pouch Plastic Plain 260Mmx250Mm 12Mic Pet + 80Mic Ldpe,,,,TRUE,,Retail Packaging,2006,5%,,Gulf Printing & Publishing LLC,,PCS,,PCS,,,,AED,0.21,,,,
26107,Kraft Natural Box W/Window 24X24X10Cm,,,,TRUE,,Packaging,2002,5%,,Hotpack Packaging LLC,,CS/150PCS,,CS/150PCS,,,,AED,450,,,,
26108,"Apron Disposable White- 28 X 46""- 10X100Pcs",,,,TRUE,,Cleaning Materials,2004,5%,,Galaxy Plast LLC,,CS/1000PCS,,CS/1000PCS,,,,AED,74,,,,
26109,Tin Container Bb 18.5Cm(Dia)X5.5Cm,,,,TRUE,,Packaging,2002,5%,,Crown Can Industry LLC,,PCS,,PCS,,,,AED,3.7,,,,
26110,Straw Straight 12Mm- 25X100Pcs,,,,TRUE,,Guest Consumable,2003,5%,,Hotpack Packaging LLC,,CS/2500PCS,,CS/2500PCS,,,,AED,0,,,,
26111,"Ribbon 1"" 36 Yrd Black Bloomsberry Logo",,,,TRUE,,Packaging,2002,5%,,Asiatic Creative Solution-FZ,,PCS,,PCS,,,,AED,32,,,,
26112,Container Aluminium Turkey 1X50Pc,,,,TRUE,,Packaging,2002,5%,,Safco International Gen.Trd Llc,,CS/50Pc,,CS/50Pc,,,,AED,445,,,,
26113,Paper Bags Brown 30X12X6Cm Pe 40Gsm,,,,TRUE,,Packaging,2002,5%,,Galaxy Plast LLC,,KG,,KG,,,,AED,0.25,,,,
26114,Sleeve-Protein Bliss 350Gsm Art Keto Break,,,,TRUE,,Retail Packaging,2006,5%,,Asiatic Creative Solution-FZ,,PCS,,PCS,,,,AED,0.79,,,,
26115,Km Antibact Hand Soap 801 Soft Pls-4X5 L,,,,TRUE,,Cleaning Materials,2004,5%,,Kitchen Master Detergent & Disinfectant Trading Llc,,CAN/5L,,CAN/5L,,,,AED,30,,,,
26116,Roll For Price Labelling Machine,,,,TRUE,,Packaging,2002,5%,,Labtek Consumable Supplies Llc,,PCS,,PCS,,,,AED,5,,,,
26117,Pizza Box White 12Inch-Grimaldis,,,,TRUE,,Packaging,2002,5%,,Rainbow Pack Fze,,PCS,,PCS,,,,AED,1.7,,,,
26118,Pizza Liner 28X28Cm-Grimaldis,,,,TRUE,,Packaging,2002,5%,,Galaxy Plast LLC,,PKT/100PCS,,PKT/100PCS,,,,AED,35,,,,
26119,Sticker-Keto Expresso Bar 41.4X6Cm,,,,TRUE,,Retail Packaging,2006,5%,,Peacock Printing Press LLC,,PCS,,PCS,,,,AED,0.9,,,,
26120,Sticker-Keto Raspberry Financier 42X9Cm,,,,TRUE,,Retail Packaging,2006,5%,,Peacock Printing Press LLC,,PCS,,PCS,,,,AED,0.9,,,,
26121,Sticker-Keto Lemon Financier 42X9Cm,,,,TRUE,,Retail Packaging,2006,5%,,Peacock Printing Press LLC,,PCS,,PCS,,,,AED,0.9,,,,
26122,Sticker-Keto Choco Madeleine 42X9Cm,,,,TRUE,,Retail Packaging,2006,5%,,Peacock Printing Press LLC,,PCS,,PCS,,,,AED,0.9,,,,
26123,Sleeve-Mono Cheese 350Gsm Keto Break,,,,TRUE,,Retail Packaging,2006,5%,,Asiatic Creative Solution-FZ,,PCS,,PCS,,,,AED,0.79,,,,
26124,Cake Board Gold 8Cm Round,,,,TRUE,,Packaging,2002,5%,,Trinity Pack General Trading LLC,,PCS,,PCS,,,,AED,0.24,,,,
26125,Keto Bread/Wrap Sticker,,,,TRUE,,Retail Packaging,2006,5%,,Fast Printing Press LLc,,PCS,,PCS,,,,AED,0.25,,,,
26126,Km Stainless Steel Polish 4X5 Ltr,,,,TRUE,,Cleaning Materials,2004,5%,,Kitchen Master Detergent & Disinfectant Trading Llc,,CAN/5L,,CAN/5L,,,,AED,92.15,,,,
26127,Km Pine Disinfectant Sanifresh- 4X5 Ltr,,,,TRUE,,Cleaning Materials,2004,5%,,Kitchen Master Detergent & Disinfectant Trading Llc,,CAN/5L,,CAN/5L,,,,AED,30.75,,,,
26128,Sticker-Hot Sauce 3.8X13.5Cm,,,,TRUE,,Retail Packaging,2006,5%,,Colorline Printing Press LLC,,PCS,,PCS,,,,AED,0.7,,,,
26129,Sticker-Dream Cake 4.5X22.5Cm,,,,TRUE,,Packaging,2002,5%,,Peacock Printing Press LLC,,PCS,,PCS,,,,AED,0.5,,,,
26130,Bag Bread Plastic 170X230Xbg 40Mmx 2 -Keto Break,,,,TRUE,,Retail Packaging,2006,5%,,Amber Packaging Ind-LLC,,PCS,,PCS,,,,AED,0.12,,,,
26131,Pouch Plastic Bopp Film 135X165Mm-Slice Cake,,,,TRUE,,Retail Packaging,2006,5%,,Amber Packaging Ind-LLC,,PCS,,PCS,,,,AED,0.1,,,,
26132,Fd Feast Box Eflute White 125X65 Cm,,,,TRUE,,Packaging,2002,5%,,Lemondez Advertising LLC,,PCS,,PCS,,,,AED,2.85,,,,
26133,Sticker Hot Honey 3.8x13.5cm,,,,TRUE,,Retail Packaging,2006,5%,,Jasiel Advertising & Gifts Trading,,PCS,,PCS,,,,AED,1.3,,,,
26134,Box Biscotti Keto 12x12x2.5cm 350gsm FB,,,,TRUE,,Retail Packaging,2006,5%,,Fast Printing Press LLc,,PCS,,PCS,,,,AED,0.6,,,,
26135,Bag Biscotti Keto 27x12x6.5cm 120GSM Kraft Paper-LULU,,,,TRUE,,Retail Packaging,2006,5%,,Jasiel Advertising & Gifts Trading,,PCS,,PCS,,,,AED,1.1,,,,
26136,Box Keto Cookies 12x12x5Cm 350GSM,,,,TRUE,,Retail Packaging,2006,5%,,Asiatic Creative Solution-FZ,,PCS,,PCS,,,,AED,0.8,,,,
26137,Box Keto Brownies 12x12x5Cm 350GSM,,,,TRUE,,Retail Packaging,2006,5%,,Asiatic Creative Solution-FZ,,PCS,,PCS,,,,AED,0.8,,,,
26138,Sticker Top Mini Cookies 9.2cm-Keto Break,,,,TRUE,,Retail Packaging,2006,5%,,Peacock Printing Press LLC,,PCS,,PCS,,,,AED,0.6,,,,
26139,Sticker Sleeve Mini Cookies 33x6Cm-Keto Break,,,,TRUE,,Retail Packaging,2006,5%,,Peacock Printing Press LLC,,PCS,,PCS,,,,AED,0.35,,,,
,,,,,TRUE,,,#N/A,5%,,,,,,,,,,,,,,,
CA0001,Capex Interior Building,,,,TRUE,,Capex - Décor & Interior,CA01,5%,,,,,,,,,,,,,,,
CA0002,Capex MEP,,,,TRUE,,Capex - Décor & Interior,CA01,5%,,,,,,,,,,,,,,,
CA0003,Capex Signage,,,,TRUE,,Capex - Décor & Interior,CA01,5%,,,,,,,,,,,,,,,
CA0004,Capex ID Consultancy,,,,TRUE,,Capex - Décor & Interior,CA01,5%,,,,,,,,,,,,,,,
CA0005,Capex MEP Consultancy,,,,TRUE,,Capex - Décor & Interior,CA01,5%,,,,,,,,,,,,,,,
CA0006,Capex Authority Approvals,,,,TRUE,,Capex - Décor & Interior,CA01,5%,,,,,,,,,,,,,,,
CA0007,Capex Gas,,,,TRUE,,Capex - Décor & Interior,CA01,5%,,,,,,,,,,,,,,,
CA0008,Capex Lights,,,,TRUE,,Capex - Décor & Interior,CA01,5%,,,,,,,,,,,,,,,
CA0009,Capex Internal Furniture,,,,TRUE,,Capex - Furniture & Fittings,CA02,5%,,,,,,,,,,,,,,,
CA0010,Capex External Furniture,,,,TRUE,,Capex - Furniture & Fittings,CA02,5%,,,,,,,,,,,,,,,
CA0011,Capex Parasol,,,,TRUE,,Capex - Furniture & Fittings,CA02,5%,,,,,,,,,,,,,,,
CA0012,Capex Safe,,,,TRUE,,Capex - Furniture & Fittings,CA02,5%,,,,,,,,,,,,,,,
CA0013,Capex Display Items,,,,TRUE,,Capex - Furniture & Fittings,CA02,5%,,,,,,,,,,,,,,,
CA0014,Capex Cold Room,,,,TRUE,,Capex - Kitchen Equipment & Accessories,CA03,5%,,,,,,,,,,,,,,,
CA0015,Capex Refrigerators,,,,TRUE,,Capex - Kitchen Equipment & Accessories,CA03,5%,,,,,,,,,,,,,,,
CA0016,Capex Gas Burner/Cookline Equipment,,,,TRUE,,Capex - Kitchen Equipment & Accessories,CA03,5%,,,,,,,,,,,,,,,
CA0017,Capex Wall Shelf/Metro Shelve,,,,TRUE,,Capex - Kitchen Equipment & Accessories,CA03,5%,,,,,,,,,,,,,,,
CA0018,Capex Custom Fabrication,,,,TRUE,,Capex - Kitchen Equipment & Accessories,CA03,5%,,,,,,,,,,,,,,,
CA0019,Capex Exhaust Hood,,,,TRUE,,Capex - Kitchen Equipment & Accessories,CA03,5%,,,,,,,,,,,,,,,
CA0020,Capex Fire Supression System,,,,TRUE,,Capex - Kitchen Equipment & Accessories,CA03,5%,,,,,,,,,,,,,,,
CA0021,Capex Storage Items,,,,TRUE,,Capex - Smallware,CA04,5%,,,,,,,,,,,,,,,
CA0022,Capex Small Equipments,,,,TRUE,,Capex - Smallware,CA04,5%,,,,,,,,,,,,,,,
CA0023,Capex Cookwares,,,,TRUE,,Capex - Smallware,CA04,5%,,,,,,,,,,,,,,,
CA0024,Capex Barwares,,,,TRUE,,Capex - Smallware,CA04,5%,,,,,,,,,,,,,,,
CA0025,Capex Electric Tablewares,,,,TRUE,,Capex - Smallware,CA04,5%,,,,,,,,,,,,,,,
CA0026,Capex Crockery & Glassware,,,,TRUE,,Capex - Smallware,CA04,5%,,,,,,,,,,,,,,,
CA0027,Capex Cutlery,,,,TRUE,,Capex - Smallware,CA04,5%,,,,,,,,,,,,,,,
CA0028,Capex Television,,,,TRUE,,Capex - Electric & Electronic Equipments,CA05,5%,,,,,,,,,,,,,,,
CA0029,Capex CCTV,,,,TRUE,,Capex - Electric & Electronic Equipments,CA05,5%,,,,,,,,,,,,,,,
CA0030,Capex Other Electronic Equipments,,,,TRUE,,Capex - Electric & Electronic Equipments,CA05,5%,,,,,,,,,,,,,,,
CA0031,Capex 2 wheeler,,,,TRUE,,Capex - Motor Vehicle,CA07,5%,,,,,,,,,,,,,,,
CA0032,Capex 4 wheeler,,,,TRUE,,Capex - Motor Vehicle,CA07,5%,,,,,,,,,,,,,,,
CA0033,Capex Others,,,,TRUE,,Capex - Motor Vehicle,CA07,5%,,,,,,,,,,,,,,,
CA0034,"Capex Telephone Fax,Copier, Printer & Misc",,,,TRUE,,Capex - IT Equipments,CA06,5%,,,,,,,,,,,,,,,
CA0035,Capex Computer & Laptop,,,,TRUE,,Capex - IT Equipments,CA06,5%,,,,,,,,,,,,,,,
CA0036,Capex Other IT Equipments & Accessories,,,,TRUE,,Capex - IT Equipments,CA06,5%,,,,,,,,,,,,,,,
CA0037,"Capex Website, Email & Software",,,,TRUE,,Capex - Website Email & Software,CA09,5%,,,,,,,,,,,,,,,
SI0001,Repairs - Building,,,,TRUE,,Repairs & Maintenance,SI01,5%,,,,,,,,,,,,,,,
SI0002,Repairs - IT,,,,TRUE,,Repairs & Maintenance,SI01,5%,,,,,,,,,,,,,,,
SI0003,Reparis - Motor Vehicles,,,,TRUE,,Repairs & Maintenance,SI01,5%,,,,,,,,,,,,,,,
SI0004,Repairs - Staff Accommodation,,,,TRUE,,Repairs & Maintenance,SI01,5%,,,,,,,,,,,,,,,
SI0005,Repairs - Kitchen Equipments,,,,TRUE,,Repairs & Maintenance,SI01,5%,,,,,,,,,,,,,,,
SI0006,Repairs - Furniture,,,,TRUE,,Repairs & Maintenance,SI01,5%,,,,,,,,,,,,,,,
SI0007,Repairs - Electrical Fittings,,,,TRUE,,Repairs & Maintenance,SI01,5%,,,,,,,,,,,,,,,
SI0008,Repairs-Others,,,,TRUE,,Repairs & Maintenance,SI01,5%,,,,,,,,,,,,,,,
SI0009,Repair- Vehicle,,,,TRUE,,Repairs & Maintenance,SI01,5%,,,,,,,,,,,,,,,
SI0100,Annual Maintenance Contracts,,,,TRUE,,AMC,SI02,5%,,,,,,,,,,,,,,,
SI0200,Advertisement & Publicity,,,,TRUE,,Marketing Expenses,SI03,5%,,,,,,,,,,,,,,,
SI0201,Sponsorship for Programms,,,,TRUE,,Marketing Expenses,SI03,5%,,,,,,,,,,,,,,,
SI0202,Events & Occassional Expenses,,,,TRUE,,Marketing Expenses,SI03,5%,,,,,,,,,,,,,,,
SI0203,"Comp, Discount & Vouchers - Marketing",,,,TRUE,,Marketing Expenses,SI03,5%,,,,,,,,,,,,,,,
SI0204,Printing - Marketing Materials,,,,TRUE,,Marketing Expenses,SI03,5%,,,,,,,,,,,,,,,
SI0300,Staff Uniform Service,,,,TRUE,,Uniform (Service),SI04,5%,,,,,,,,,,,,,,,
SI0400,Printing - Guest Supply Service,,,,TRUE,,Guest Consumable (Service),SI05,5%,,,,,,,,,,,,,,,
SI0500,Cleaning Chemicals & Materials Service,,,,TRUE,,Cleaning Materials (Service),SI06,5%,,,,,,,,,,,,,,,
SI0600,Staff Training,,,,TRUE,,Staff Training,SI07,5%,,,,,,,,,,,,,,,
SI0700,Staff Welfare,,,,TRUE,,Staff Welfare,SI08,5%,,,,,,,,,,,,,,,
SI0800,Misc Staff Cost,,,,TRUE,,Misc Staff Cost,SI09,5%,,,,,,,,,,,,,,,
SI0900,Staff Transportation,,,,TRUE,,Staff Transportation,SI10,5%,,,,,,,,,,,,,,,
SI1000,Other Legal Expenses,,,,TRUE,,Other Legal Expenses,SI11,5%,,,,,,,,,,,,,,,
SI1100,Fuel (Service),,,,TRUE,,Fuel (Service),SI12,5%,,,,,,,,,,,,,,,
SI1200,Printing & Stationery - Office,,,,TRUE,,Printing and Stationery (Service),SI13,5%,,,,,,,,,,,,,,,
SI1300,Printing Menu Cards,,,,TRUE,,Printing Menu Cards,SI14,5%,,,,,,,,,,,,,,,
SI1400,Cleaning Charges,,,,TRUE,,Cleaning Charges,SI15,5%,,,,,,,,,,,,,,,
SI1500,Training & Development,,,,TRUE,,Training & Development,SI16,5%,,,,,,,,,,,,,,,
SI1600,Packaging (Service),,,,TRUE,,Packaging (Service),SI17,5%,,,,,,,,,,,,,,,
SI1700,General Items & Expenses,,,,TRUE,,General Items & Expenses,SI18,5%,,,,,,,,,,,,,,,
SI1800,Pre-Opening Marketing,,,,TRUE,,Pre-Opening Expenses,SI19,5%,,,,,,,,,,,,,,,
SI1801,Pre-Opening Occupation,,,,TRUE,,Pre-Opening Expenses,SI19,5%,,,,,,,,,,,,,,,
SI1802,Pre-Opening R&D,,,,TRUE,,Pre-Opening Expenses,SI19,5%,,,,,,,,,,,,,,,
SI1803,Pre-Opening Staff Cost,,,,TRUE,,Pre-Opening Expenses,SI19,5%,,,,,,,,,,,,,,,
SI1804,Pre-Opening Finance,,,,TRUE,,Pre-Opening Expenses,SI19,5%,,,,,,,,,,,,,,,
SI1805,Pre-Opening Utility,,,,TRUE,,Pre-Opening Expenses,SI19,5%,,,,,,,,,,,,,,,
SI1806,Pre-Opening Other,,,,TRUE,,Pre-Opening Expenses,SI19,5%,,,,,,,,,,,,,,,
SI1900,Service Small Equipments,,,,TRUE,,Service Smallware,SI21,5%,,,,,,,,,,,,,,,
SI1901,Service Cookwares,,,,TRUE,,Service Smallware,SI21,5%,,,,,,,,,,,,,,,
SI1902,Service Barwares,,,,TRUE,,Service Smallware,SI21,5%,,,,,,,,,,,,,,,
SI1903,Service Electric Tablewares,,,,TRUE,,Service Smallware,SI21,5%,,,,,,,,,,,,,,,
SI1904,Service Crockery & Glassware,,,,TRUE,,Service Smallware,SI21,5%,,,,,,,,,,,,,,,
SI1905,Service Cutlery,,,,TRUE,,Service Smallware,SI21,5%,,,,,,,,,,,,,,,
SI2000,Contracting Staff,,,,TRUE,,Contracting Staff,SI22,5%,,,,,,,,,,,,,,,
SI2100,Spare Parts,,,,TRUE,,Spare Parts,SI23,5%,,,,,,,,,,,,,,,
